185, 186, 185, 185, 186, 186, 185, 186, 186, 186, 186, 186, 186, 186, 186, 186, 186, 186, 186, 185, 186, 187, 186, 187, 186, 186, 187, 186, 186, 186, 186, 186, 186, 186, 186, 186, 186, 187, 187, 186, 187, 187, 187, 187, 188, 187, 187, 187, 187, 187, 187, 187, 188, 187, 187, 187, 188, 187, 186, 187, 188, 187, 187, 187, 187, 187, 188, 187, 187, 187, 187, 187, 187, 186, 187, 187, 187, 186, 186, 187, 186, 187, 186, 186, 186, 185, 186, 186, 185, 185, 185, 185, 185, 186, 185, 185, 185, 185, 185, 185, 185, 184, 185, 184, 185, 185, 185, 184, 184, 184, 185, 184, 184, 184, 183, 183, 183, 183, 184, 183, 184, 183, 183, 183, 184, 183, 183, 183
186, 186, 186, 187, 186, 186, 187, 187, 186, 186, 187, 187, 187, 187, 186, 187, 187, 187, 187, 187, 187, 187, 187, 187, 186, 187, 187, 187, 186, 187, 187, 187, 186, 187, 187, 187, 188, 187, 188, 188, 187, 188, 188, 188, 188, 188, 187, 187, 188, 188, 188, 188, 188, 188, 188, 188, 188, 187, 187, 188, 187, 188, 187, 188, 188, 188, 187, 188, 187, 187, 187, 186, 187, 188, 187, 187, 188, 187, 187, 188, 187, 186, 187, 187, 187, 187, 186, 187, 186, 186, 186, 186, 185, 186, 185, 185, 186, 185, 185, 186, 185, 185, 185, 185, 185, 184, 185, 185, 185, 185, 185, 183, 185, 184, 184, 184, 184, 184, 184, 183, 184, 184, 184, 183, 184, 184, 184, 184
187, 187, 187, 187, 187, 187, 187, 187, 188, 187, 186, 187, 187, 187, 187, 187, 188, 188, 188, 187, 187, 187, 188, 187, 187, 187, 187, 187, 188, 187, 187, 188, 187, 187, 187, 187, 188, 187, 188, 188, 189, 189, 189, 188, 188, 188, 189, 188, 188, 188, 188, 188, 188, 188, 188, 188, 188, 188, 187, 188, 189, 188, 188, 188, 189, 189, 187, 187, 188, 188, 188, 187, 188, 188, 188, 187, 188, 187, 187, 187, 187, 187, 187, 187, 187, 187, 187, 187, 186, 186, 186, 186, 185, 186, 186, 185, 185, 186, 185, 186, 185, 185, 185, 186, 186, 186, 186, 185, 185, 185, 185, 185, 185, 184, 185, 185, 185, 184, 185, 184, 185, 184, 184, 184, 185, 184, 186, 184
187, 187, 188, 188, 188, 188, 187, 188, 188, 188, 188, 188, 188, 188, 187, 188, 189, 188, 188, 188, 188, 188, 188, 188, 189, 188, 188, 188, 189, 188, 188, 188, 188, 188, 189, 189, 189, 189, 188, 188, 188, 188, 188, 189, 189, 189, 189, 189, 188, 189, 189, 188, 189, 189, 189, 189, 188, 188, 189, 189, 189, 189, 188, 189, 188, 188, 188, 189, 188, 189, 189, 188, 189, 189, 187, 187, 188, 188, 188, 188, 187, 188, 188, 187, 187, 188, 187, 188, 187, 187, 187, 187, 187, 187, 187, 186, 187, 186, 187, 186, 186, 187, 186, 186, 186, 186, 187, 187, 186, 186, 185, 185, 185, 186, 185, 186, 185, 185, 185, 185, 185, 185, 185, 185, 184, 185, 185, 185
188, 188, 188, 188, 188, 188, 188, 189, 189, 188, 189, 189, 189, 189, 188, 190, 188, 188, 189, 188, 188, 189, 189, 189, 189, 189, 189, 188, 189, 188, 189, 189, 189, 189, 189, 189, 189, 189, 189, 190, 189, 189, 189, 189, 189, 188, 190, 190, 189, 189, 190, 189, 190, 189, 189, 189, 189, 189, 190, 189, 188, 189, 189, 188, 189, 189, 189, 189, 189, 188, 188, 188, 188, 188, 189, 188, 188, 188, 188, 188, 188, 188, 188, 188, 188, 187, 188, 188, 187, 187, 187, 187, 187, 187, 187, 187, 187, 187, 186, 187, 187, 186, 187, 187, 186, 187, 186, 187, 187, 187, 186, 187, 187, 187, 186, 186, 186, 186, 185, 185, 185, 185, 186, 187, 185, 185, 185, 186
189, 189, 189, 189, 189, 189, 189, 189, 189, 189, 189, 190, 189, 189, 189, 188, 190, 189, 189, 189, 189, 189, 189, 190, 189, 189, 189, 190, 190, 190, 189, 189, 190, 189, 190, 189, 189, 190, 189, 189, 190, 190, 189, 189, 190, 189, 189, 189, 189, 189, 189, 190, 190, 189, 189, 189, 189, 189, 189, 189, 189, 189, 189, 189, 190, 190, 190, 189, 188, 189, 188, 189, 189, 189, 189, 189, 189, 189, 189, 188, 188, 188, 189, 188, 188, 188, 188, 187, 188, 187, 187, 187, 187, 188, 187, 187, 187, 187, 187, 187, 187, 187, 187, 187, 187, 187, 187, 187, 187, 188, 187, 187, 186, 187, 185, 187, 186, 186, 186, 185, 185, 185, 185, 185, 186, 185, 185, 185
189, 189, 189, 190, 190, 189, 190, 189, 190, 190, 190, 190, 190, 189, 190, 190, 190, 189, 189, 190, 190, 189, 190, 190, 190, 190, 190, 190, 190, 190, 189, 190, 190, 190, 190, 190, 190, 189, 189, 190, 190, 190, 190, 190, 190, 190, 190, 190, 190, 189, 189, 190, 190, 190, 190, 190, 190, 190, 189, 189, 190, 190, 190, 189, 189, 189, 189, 189, 190, 190, 189, 189, 189, 189, 189, 188, 189, 189, 189, 189, 188, 189, 188, 188, 188, 188, 188, 189, 189, 188, 189, 188, 188, 188, 188, 188, 188, 187, 188, 188, 188, 187, 187, 187, 187, 188, 188, 188, 187, 188, 188, 187, 188, 187, 186, 187, 186, 186, 186, 186, 186, 185, 186, 187, 187, 186, 186, 186
189, 190, 190, 190, 190, 190, 190, 190, 190, 189, 190, 190, 190, 190, 191, 190, 190, 190, 190, 191, 191, 191, 191, 191, 191, 191, 191, 191, 191, 190, 190, 190, 191, 190, 191, 190, 190, 191, 190, 190, 190, 189, 190, 190, 190, 190, 190, 190, 190, 190, 190, 190, 190, 190, 190, 190, 190, 189, 190, 190, 190, 190, 189, 189, 190, 189, 190, 190, 191, 189, 189, 189, 189, 190, 189, 189, 189, 190, 189, 189, 189, 189, 189, 189, 189, 189, 189, 188, 188, 188, 190, 188, 188, 188, 189, 188, 188, 189, 188, 188, 187, 188, 187, 187, 188, 188, 188, 188, 188, 188, 187, 187, 188, 188, 188, 189, 187, 187, 187, 186, 186, 186, 186, 186, 187, 187, 186, 186
190, 190, 190, 191, 191, 190, 191, 190, 190, 190, 191, 191, 190, 191, 190, 192, 191, 191, 191, 191, 191, 191, 191, 190, 191, 191, 191, 191, 191, 190, 190, 191, 191, 191, 192, 191, 191, 191, 190, 190, 191, 190, 190, 191, 191, 191, 191, 191, 189, 190, 190, 191, 190, 191, 190, 190, 191, 190, 190, 190, 190, 190, 190, 190, 190, 191, 190, 189, 190, 190, 190, 190, 190, 189, 189, 190, 189, 189, 189, 190, 190, 189, 189, 189, 189, 189, 189, 190, 189, 189, 189, 188, 189, 189, 189, 188, 188, 188, 188, 188, 188, 189, 189, 188, 188, 188, 189, 189, 188, 189, 188, 188, 189, 188, 188, 188, 188, 187, 187, 187, 187, 186, 186, 187, 187, 187, 187, 187
190, 190, 191, 190, 190, 191, 190, 191, 192, 191, 190, 191, 191, 191, 192, 192, 191, 191, 191, 191, 192, 192, 192, 192, 192, 192, 192, 191, 191, 191, 193, 191, 191, 191, 192, 192, 191, 191, 191, 192, 191, 191, 191, 191, 192, 191, 190, 191, 190, 190, 192, 190, 186, 188, 191, 191, 185, 189, 191, 190, 190, 190, 190, 191, 190, 190, 190, 190, 191, 189, 190, 191, 190, 190, 190, 189, 189, 191, 190, 190, 189, 190, 190, 190, 191, 190, 190, 190, 189, 189, 189, 189, 189, 189, 188, 189, 189, 189, 189, 188, 189, 189, 188, 188, 188, 188, 189, 189, 189, 188, 189, 188, 188, 187, 188, 189, 189, 187, 187, 187, 186, 188, 188, 188, 187, 187, 187, 188
191, 191, 191, 190, 191, 191, 191, 191, 191, 192, 191, 191, 192, 192, 192, 192, 192, 192, 192, 192, 191, 192, 192, 192, 192, 191, 192, 191, 192, 191, 192, 192, 191, 192, 192, 192, 193, 192, 192, 192, 192, 192, 192, 192, 192, 191, 191, 191, 190, 191, 191, 193, 196, 187, 187, 192, 187, 187, 190, 191, 191, 191, 191, 190, 191, 190, 191, 191, 190, 191, 190, 190, 191, 190, 191, 191, 190, 190, 190, 190, 191, 190, 190, 190, 191, 190, 190, 190, 189, 190, 189, 189, 189, 190, 189, 189, 189, 190, 190, 188, 189, 189, 190, 189, 189, 189, 189, 188, 189, 188, 189, 189, 189, 189, 189, 188, 189, 188, 188, 188, 188, 187, 189, 188, 188, 188, 188, 187
191, 191, 191, 191, 191, 192, 191, 192, 192, 192, 193, 191, 191, 192, 192, 192, 192, 192, 192, 192, 192, 192, 192, 192, 192, 192, 193, 192, 192, 192, 192, 191, 192, 192, 192, 192, 192, 192, 192, 192, 193, 192, 192, 192, 192, 192, 191, 191, 192, 192, 192, 192, 188, 187, 185, 181, 187, 192, 190, 192, 192, 192, 191, 191, 192, 191, 191, 191, 191, 191, 191, 190, 191, 191, 191, 190, 191, 191, 191, 191, 191, 190, 190, 191, 190, 190, 191, 190, 191, 190, 189, 190, 190, 190, 189, 189, 189, 190, 190, 190, 190, 189, 190, 190, 190, 190, 190, 189, 190, 189, 190, 190, 189, 190, 189, 189, 189, 189, 188, 188, 188, 188, 188, 188, 188, 188, 188, 188
190, 191, 192, 192, 192, 191, 192, 192, 192, 192, 192, 192, 192, 192, 192, 192, 193, 193, 192, 193, 193, 192, 193, 192, 193, 192, 193, 192, 192, 192, 192, 192, 191, 192, 192, 192, 192, 192, 192, 192, 192, 192, 192, 192, 192, 192, 192, 192, 192, 192, 192, 192, 192, 189, 171, 187, 191, 191, 192, 191, 192, 192, 192, 191, 191, 191, 192, 191, 192, 191, 192, 191, 191, 191, 191, 192, 191, 191, 191, 191, 190, 191, 191, 191, 191, 191, 191, 191, 191, 191, 190, 190, 191, 190, 190, 190, 190, 190, 190, 190, 190, 190, 190, 191, 189, 189, 190, 190, 190, 190, 189, 190, 189, 190, 189, 189, 189, 189, 189, 189, 188, 189, 189, 189, 189, 188, 188, 188
191, 192, 192, 192, 191, 192, 192, 192, 192, 192, 192, 192, 192, 193, 193, 192, 192, 192, 192, 192, 192, 192, 193, 193, 193, 193, 192, 192, 192, 193, 192, 192, 192, 192, 193, 193, 192, 193, 192, 193, 192, 192, 193, 193, 192, 193, 192, 192, 192, 192, 192, 193, 192, 192, 182, 192, 192, 192, 191, 191, 192, 192, 192, 192, 192, 192, 192, 192, 192, 191, 192, 192, 192, 191, 192, 192, 192, 191, 191, 192, 191, 192, 191, 191, 192, 191, 191, 191, 191, 191, 190, 191, 191, 191, 190, 191, 190, 190, 190, 190, 190, 191, 189, 190, 190, 190, 190, 189, 190, 190, 190, 191, 190, 190, 190, 190, 189, 189, 189, 189, 189, 189, 188, 189, 189, 189, 189, 188
192, 192, 192, 192, 192, 193, 193, 193, 191, 193, 192, 193, 193, 193, 192, 192, 192, 193, 193, 193, 192, 193, 192, 193, 193, 193, 192, 193, 192, 193, 193, 193, 193, 193, 192, 194, 193, 193, 193, 192, 193, 193, 193, 192, 193, 193, 193, 193, 193, 193, 192, 192, 192, 192, 181, 192, 193, 192, 192, 192, 192, 192, 193, 192, 193, 193, 193, 193, 192, 192, 193, 193, 192, 192, 192, 192, 193, 192, 192, 192, 192, 191, 192, 192, 192, 193, 192, 191, 191, 192, 191, 191, 192, 191, 191, 191, 191, 190, 190, 190, 191, 190, 191, 191, 191, 190, 191, 191, 191, 190, 191, 190, 190, 191, 190, 191, 190, 190, 190, 190, 190, 189, 191, 190, 189, 189, 189, 189
192, 192, 192, 193, 193, 193, 192, 193, 194, 193, 193, 193, 192, 193, 193, 193, 193, 193, 193, 194, 193, 193, 193, 193, 192, 193, 193, 193, 193, 192, 192, 193, 193, 193, 193, 193, 193, 193, 192, 193, 193, 193, 193, 193, 193, 193, 193, 193, 193, 193, 193, 193, 193, 194, 177, 192, 192, 192, 193, 193, 192, 193, 193, 194, 193, 193, 192, 193, 193, 192, 193, 192, 192, 193, 193, 193, 193, 192, 192, 192, 193, 193, 192, 193, 193, 191, 193, 192, 192, 191, 191, 192, 191, 191, 191, 192, 192, 191, 191, 192, 191, 191, 191, 191, 191, 191, 191, 190, 190, 191, 190, 191, 191, 191, 191, 190, 190, 190, 190, 190, 190, 190, 190, 190, 190, 189, 190, 189
193, 192, 193, 193, 193, 193, 194, 193, 192, 194, 193, 192, 193, 193, 194, 193, 193, 193, 193, 194, 193, 193, 193, 193, 194, 193, 193, 193, 193, 193, 193, 194, 193, 193, 194, 193, 194, 193, 194, 193, 193, 194, 194, 194, 194, 194, 193, 194, 193, 193, 194, 194, 193, 194, 179, 192, 193, 193, 194, 194, 193, 193, 193, 194, 193, 193, 192, 193, 193, 193, 193, 193, 193, 193, 193, 193, 193, 193, 193, 193, 193, 193, 193, 193, 193, 192, 192, 193, 193, 192, 191, 192, 191, 192, 192, 192, 191, 192, 191, 192, 191, 192, 192, 191, 192, 192, 192, 192, 191, 191, 191, 191, 191, 191, 191, 191, 191, 191, 190, 191, 190, 189, 190, 190, 190, 190, 190, 190
193, 194, 193, 194, 193, 193, 193, 193, 194, 193, 193, 194, 194, 193, 193, 194, 193, 193, 194, 193, 193, 193, 193, 193, 193, 194, 194, 193, 193, 194, 194, 193, 193, 193, 195, 193, 194, 194, 193, 193, 194, 194, 194, 193, 194, 193, 193, 194, 193, 193, 194, 193, 193, 194, 133, 191, 194, 193, 193, 194, 194, 195, 193, 194, 194, 193, 194, 194, 193, 194, 193, 194, 193, 193, 193, 193, 193, 193, 193, 193, 193, 193, 194, 193, 192, 193, 194, 192, 193, 193, 193, 192, 192, 193, 193, 192, 193, 192, 192, 192, 192, 192, 192, 192, 192, 191, 192, 192, 192, 192, 191, 191, 192, 191, 191, 191, 191, 191, 191, 190, 191, 190, 190, 190, 190, 190, 190, 190
194, 193, 194, 194, 194, 194, 194, 194, 193, 194, 194, 194, 194, 194, 193, 193, 194, 194, 194, 194, 194, 193, 193, 193, 193, 193, 193, 193, 194, 193, 193, 193, 193, 194, 194, 194, 193, 194, 193, 194, 193, 194, 194, 194, 194, 194, 194, 194, 194, 194, 193, 194, 194, 194, 188, 193, 194, 194, 194, 193, 194, 194, 193, 194, 194, 194, 194, 194, 194, 194, 194, 195, 194, 195, 193, 194, 194, 194, 195, 194, 193, 194, 195, 193, 194, 193, 194, 193, 193, 193, 194, 193, 193, 193, 193, 193, 193, 192, 193, 193, 192, 193, 193, 193, 193, 192, 192, 193, 192, 192, 192, 192, 192, 193, 192, 192, 192, 191, 192, 191, 192, 191, 191, 190, 191, 191, 190, 190
194, 195, 194, 194, 194, 194, 194, 194, 194, 194, 194, 193, 193, 194, 194, 194, 194, 194, 194, 194, 194, 194, 194, 194, 194, 194, 195, 194, 194, 194, 194, 194, 193, 194, 194, 194, 194, 194, 194, 194, 195, 195, 194, 194, 194, 194, 194, 194, 194, 194, 194, 194, 195, 209, 188, 179, 194, 194, 194, 194, 194, 194, 194, 194, 194, 194, 194, 195, 194, 195, 194, 194, 195, 194, 194, 194, 194, 194, 194, 194, 193, 194, 194, 194, 194, 193, 193, 194, 194, 194, 193, 193, 194, 193, 193, 194, 194, 194, 192, 193, 193, 192, 193, 193, 193, 193, 192, 193, 192, 192, 192, 192, 191, 192, 192, 193, 192, 192, 191, 191, 192, 191, 192, 192, 192, 191, 191, 191
195, 195, 195, 195, 194, 194, 195, 195, 195, 194, 194, 194, 194, 194, 193, 194, 194, 195, 194, 194, 194, 194, 194, 194, 194, 195, 194, 194, 194, 195, 194, 194, 194, 193, 194, 194, 194, 194, 194, 195, 194, 195, 195, 195, 194, 195, 194, 195, 195, 195, 195, 195, 208, 228, 195, 115, 186, 194, 195, 194, 194, 195, 195, 195, 194, 194, 194, 195, 195, 194, 195, 195, 195, 195, 194, 195, 194, 195, 194, 194, 195, 195, 195, 195, 194, 194, 194, 195, 194, 193, 194, 194, 194, 194, 193, 193, 193, 194, 193, 194, 194, 193, 194, 193, 193, 194, 193, 193, 193, 192, 193, 193, 193, 192, 192, 192, 192, 192, 192, 192, 191, 192, 192, 191, 192, 190, 191, 191
195, 195, 195, 195, 195, 194, 195, 195, 194, 195, 195, 195, 194, 195, 194, 194, 194, 195, 194, 194, 194, 195, 195, 195, 195, 194, 194, 193, 194, 195, 194, 194, 194, 195, 194, 194, 195, 195, 195, 195, 195, 195, 194, 194, 195, 195, 195, 195, 195, 195, 195, 195, 192, 136, 123, 123, 166, 194, 195, 195, 195, 195, 195, 195, 195, 194, 195, 194, 196, 195, 195, 195, 195, 195, 195, 195, 195, 195, 195, 195, 195, 194, 195, 195, 194, 194, 194, 194, 195, 194, 195, 194, 195, 194, 194, 194, 195, 194, 194, 193, 194, 194, 194, 194, 194, 193, 194, 193, 192, 193, 192, 193, 192, 192, 193, 193, 192, 193, 193, 193, 192, 192, 192, 192, 191, 191, 191, 191
195, 195, 195, 195, 195, 195, 195, 195, 195, 195, 195, 195, 195, 195, 195, 195, 195, 195, 195, 194, 194, 195, 195, 195, 195, 195, 194, 195, 194, 195, 195, 194, 195, 195, 195, 195, 195, 194, 195, 195, 195, 195, 194, 195, 195, 195, 195, 195, 195, 195, 196, 196, 175, 114, 104, 101, 177, 195, 196, 196, 195, 195, 194, 195, 195, 195, 195, 196, 196, 195, 195, 196, 196, 195, 195, 195, 195, 195, 196, 195, 195, 196, 195, 195, 195, 194, 195, 196, 195, 195, 195, 194, 195, 195, 195, 195, 195, 194, 194, 194, 194, 193, 193, 194, 194, 194, 193, 193, 193, 194, 193, 193, 193, 194, 193, 194, 193, 192, 191, 193, 192, 192, 192, 192, 191, 192, 192, 192
195, 195, 196, 196, 195, 195, 195, 195, 196, 196, 196, 195, 195, 196, 195, 195, 195, 195, 195, 195, 194, 195, 195, 195, 195, 195, 195, 195, 195, 195, 195, 195, 195, 195, 195, 195, 195, 195, 195, 196, 196, 195, 195, 196, 195, 196, 196, 196, 196, 196, 197, 198, 199, 160, 105, 166, 197, 196, 196, 196, 196, 195, 195, 196, 195, 195, 195, 196, 196, 195, 196, 196, 195, 195, 195, 195, 196, 196, 195, 196, 196, 195, 196, 195, 195, 195, 195, 195, 194, 195, 194, 195, 195, 195, 195, 195, 195, 195, 195, 194, 194, 194, 194, 195, 194, 194, 194, 194, 193, 193, 193, 193, 194, 194, 193, 193, 193, 193, 192, 193, 193, 192, 193, 193, 192, 192, 192, 192
196, 196, 196, 196, 196, 196, 196, 196, 196, 197, 196, 196, 196, 196, 195, 195, 195, 195, 195, 195, 196, 195, 196, 195, 195, 196, 196, 195, 196, 195, 196, 195, 195, 195, 196, 195, 196, 196, 196, 196, 196, 195, 196, 196, 196, 196, 196, 197, 197, 197, 198, 200, 206, 203, 150, 188, 198, 197, 197, 196, 196, 196, 195, 196, 195, 195, 196, 195, 196, 197, 196, 196, 196, 196, 196, 196, 196, 196, 196, 195, 196, 196, 196, 196, 196, 195, 195, 195, 195, 195, 196, 195, 195, 195, 195, 195, 195, 195, 195, 195, 195, 195, 195, 194, 195, 194, 194, 195, 194, 194, 194, 195, 194, 193, 194, 193, 194, 194, 193, 193, 194, 193, 193, 192, 192, 193, 192, 192
196, 196, 196, 196, 196, 196, 197, 197, 196, 197, 196, 196, 196, 196, 196, 197, 196, 196, 196, 195, 195, 195, 195, 196, 196, 196, 195, 195, 196, 195, 195, 196, 196, 197, 196, 196, 196, 196, 196, 197, 197, 196, 196, 197, 196, 197, 197, 196, 197, 198, 199, 205, 222, 250, 232, 175, 200, 198, 197, 196, 196, 196, 196, 196, 196, 196, 197, 196, 196, 197, 196, 197, 196, 196, 197, 197, 196, 196, 196, 196, 196, 196, 196, 197, 196, 196, 196, 196, 196, 196, 196, 196, 195, 196, 195, 195, 195, 196, 196, 195, 195, 195, 194, 194, 195, 194, 194, 195, 194, 194, 194, 194, 194, 194, 194, 194, 194, 193, 193, 193, 193, 193, 193, 193, 193, 193, 193, 193
197, 197, 196, 196, 197, 197, 197, 196, 197, 196, 197, 197, 196, 197, 196, 196, 196, 196, 196, 196, 196, 196, 197, 196, 196, 196, 196, 196, 196, 196, 196, 196, 196, 196, 196, 196, 196, 196, 196, 196, 196, 196, 197, 197, 197, 197, 197, 197, 197, 197, 201, 214, 248, 254, 247, 142, 177, 197, 191, 192, 196, 196, 196, 197, 196, 197, 197, 197, 197, 196, 197, 197, 196, 197, 196, 196, 196, 196, 197, 196, 197, 196, 197, 197, 196, 197, 197, 196, 196, 196, 197, 196, 196, 196, 196, 196, 196, 195, 196, 196, 195, 195, 195, 195, 195, 195, 195, 195, 194, 194, 195, 195, 194, 194, 194, 193, 194, 194, 194, 194, 194, 194, 194, 194, 193, 193, 193, 193
197, 197, 197, 196, 197, 197, 197, 197, 197, 197, 196, 196, 196, 197, 197, 197, 196, 196, 196, 197, 196, 196, 196, 196, 196, 196, 197, 197, 197, 196, 197, 196, 196, 197, 197, 197, 196, 197, 197, 196, 197, 197, 197, 197, 197, 198, 197, 197, 198, 181, 196, 241, 251, 250, 204, 121, 111, 182, 183, 187, 197, 197, 197, 197, 197, 197, 197, 197, 197, 197, 197, 197, 197, 196, 197, 197, 197, 197, 197, 198, 196, 197, 197, 196, 196, 196, 197, 196, 196, 197, 196, 197, 196, 197, 196, 196, 195, 196, 196, 196, 195, 196, 195, 196, 196, 195, 195, 195, 195, 195, 195, 195, 194, 195, 194, 194, 195, 194, 194, 195, 194, 194, 194, 194, 194, 193, 193, 193
198, 198, 198, 198, 198, 197, 198, 198, 198, 197, 197, 197, 198, 197, 197, 197, 198, 197, 196, 197, 196, 196, 197, 197, 198, 197, 196, 197, 197, 197, 198, 197, 197, 197, 198, 197, 198, 197, 197, 197, 197, 198, 197, 197, 198, 197, 198, 198, 185, 138, 112, 151, 150, 148, 102, 83, 104, 95, 109, 178, 197, 197, 197, 197, 197, 197, 198, 198, 199, 197, 198, 198, 198, 197, 197, 197, 197, 198, 198, 197, 197, 197, 198, 197, 198, 197, 196, 197, 197, 196, 197, 197, 197, 196, 197, 197, 197, 197, 196, 196, 196, 197, 196, 196, 196, 195, 196, 196, 195, 195, 196, 195, 195, 194, 195, 194, 195, 195, 195, 194, 194, 195, 194, 194, 194, 194, 194, 193
198, 198, 199, 199, 198, 198, 198, 199, 198, 198, 197, 198, 198, 198, 198, 197, 198, 198, 197, 197, 197, 198, 197, 198, 197, 197, 198, 198, 198, 198, 197, 197, 197, 198, 197, 198, 197, 197, 198, 197, 198, 198, 198, 198, 198, 198, 198, 188, 85, 47, 41, 43, 46, 49, 46, 40, 40, 36, 39, 56, 118, 198, 198, 198, 198, 197, 198, 198, 198, 198, 198, 198, 199, 198, 198, 198, 197, 198, 198, 198, 198, 198, 198, 198, 197, 198, 198, 198, 197, 198, 197, 198, 197, 198, 198, 197, 198, 196, 196, 197, 196, 197, 196, 197, 196, 197, 196, 195, 196, 196, 195, 196, 195, 196, 195, 195, 195, 194, 195, 194, 194, 195, 194, 195, 194, 194, 195, 194
199, 199, 197, 198, 198, 199, 199, 198, 198, 198, 199, 198, 198, 199, 198, 199, 198, 198, 198, 198, 198, 198, 198, 198, 199, 198, 198, 198, 197, 197, 197, 197, 197, 198, 198, 198, 198, 198, 198, 197, 198, 199, 198, 198, 198, 198, 198, 199, 197, 93, 36, 34, 36, 42, 46, 42, 39, 31, 32, 111, 193, 198, 198, 198, 198, 198, 199, 198, 199, 199, 198, 199, 198, 199, 199, 199, 199, 198, 199, 198, 198, 198, 198, 198, 197, 198, 198, 198, 198, 197, 198, 197, 198, 198, 197, 198, 197, 197, 197, 196, 197, 197, 197, 197, 197, 197, 196, 196, 195, 196, 195, 196, 195, 196, 196, 195, 195, 195, 195, 195, 195, 195, 195, 195, 195, 195, 194, 194
199, 199, 199, 199, 198, 199, 198, 199, 198, 199, 199, 199, 198, 199, 199, 200, 199, 199, 199, 199, 198, 199, 198, 199, 199, 198, 198, 198, 198, 198, 198, 198, 198, 198, 197, 198, 198, 198, 198, 198, 199, 198, 198, 199, 198, 198, 199, 199, 198, 119, 39, 36, 78, 36, 49, 46, 57, 32, 37, 174, 198, 198, 199, 198, 198, 198, 198, 198, 198, 199, 198, 199, 198, 198, 199, 198, 199, 199, 198, 199, 199, 198, 198, 199, 198, 199, 199, 198, 198, 198, 198, 198, 198, 198, 198, 197, 198, 198, 197, 197, 197, 196, 197, 197, 196, 197, 196, 196, 197, 197, 196, 196, 195, 195, 195, 196, 196, 196, 196, 195, 195, 195, 195, 195, 195, 195, 195, 194
199, 199, 199, 200, 200, 199, 199, 199, 198, 199, 199, 200, 199, 199, 199, 200, 199, 199, 199, 199, 199, 199, 198, 199, 199, 198, 199, 198, 198, 198, 199, 198, 198, 198, 199, 199, 198, 199, 199, 198, 198, 198, 198, 199, 199, 198, 199, 199, 198, 130, 44, 46, 80, 44, 51, 49, 77, 34, 38, 179, 198, 198, 199, 199, 199, 199, 199, 200, 199, 199, 199, 199, 199, 198, 198, 199, 198, 199, 199, 199, 199, 199, 198, 198, 199, 200, 199, 199, 198, 199, 199, 198, 198, 198, 199, 198, 198, 198, 199, 198, 198, 198, 198, 198, 198, 198, 197, 197, 197, 196, 197, 196, 196, 196, 197, 196, 196, 197, 196, 196, 196, 196, 196, 195, 196, 195, 195, 196
199, 200, 200, 199, 200, 199, 199, 200, 200, 200, 200, 200, 200, 199, 199, 199, 200, 200, 199, 199, 199, 199, 199, 199, 199, 199, 200, 200, 199, 199, 199, 199, 199, 198, 199, 199, 200, 199, 199, 199, 199, 199, 199, 198, 199, 199, 198, 199, 198, 130, 60, 60, 35, 36, 51, 50, 37, 41, 43, 180, 198, 199, 199, 199, 199, 199, 200, 199, 200, 200, 198, 199, 199, 199, 200, 199, 199, 199, 199, 199, 199, 199, 199, 199, 199, 199, 199, 199, 199, 198, 199, 199, 199, 198, 199, 198, 198, 199, 198, 199, 198, 198, 197, 197, 197, 198, 197, 198, 197, 196, 197, 197, 197, 196, 197, 197, 197, 197, 197, 197, 196, 196, 195, 196, 196, 196, 196, 196
201, 200, 200, 200, 200, 200, 200, 200, 200, 200, 200, 200, 200, 200, 200, 200, 200, 200, 199, 199, 200, 200, 199, 199, 200, 199, 199, 200, 200, 200, 199, 200, 199, 200, 200, 200, 199, 199, 199, 200, 200, 200, 199, 199, 199, 199, 199, 199, 199, 129, 65, 63, 53, 40, 53, 51, 111, 45, 45, 183, 199, 199, 199, 199, 200, 199, 199, 200, 199, 200, 200, 199, 199, 200, 200, 199, 200, 199, 200, 200, 200, 199, 199, 199, 200, 200, 199, 200, 198, 199, 199, 199, 199, 198, 199, 199, 199, 199, 199, 198, 199, 198, 198, 198, 198, 197, 198, 198, 198, 197, 197, 197, 198, 197, 197, 198, 197, 197, 196, 196, 196, 196, 196, 196, 195, 196, 196, 196
201, 201, 200, 201, 200, 200, 200, 201, 200, 200, 200, 200, 200, 200, 201, 201, 200, 201, 200, 200, 200, 200, 199, 200, 200, 200, 200, 200, 199, 200, 199, 200, 200, 200, 200, 200, 200, 200, 200, 200, 201, 200, 200, 199, 201, 200, 199, 199, 199, 126, 66, 110, 125, 45, 53, 53, 140, 48, 49, 186, 199, 200, 199, 200, 200, 200, 200, 200, 200, 200, 199, 200, 200, 200, 200, 200, 200, 200, 200, 199, 200, 199, 200, 200, 200, 199, 199, 199, 200, 199, 200, 199, 199, 198, 199, 199, 199, 199, 199, 199, 199, 199, 198, 199, 198, 198, 198, 198, 198, 198, 198, 197, 198, 197, 196, 197, 197, 196, 197, 197, 196, 196, 196, 196, 196, 196, 196, 195
201, 201, 201, 201, 201, 201, 202, 201, 201, 200, 201, 201, 201, 201, 201, 201, 201, 201, 200, 201, 201, 200, 200, 201, 201, 200, 201, 201, 200, 201, 201, 200, 200, 201, 200, 199, 201, 201, 201, 199, 201, 200, 200, 200, 200, 200, 200, 199, 199, 122, 68, 117, 128, 61, 54, 55, 141, 50, 51, 189, 200, 199, 199, 200, 200, 200, 200, 200, 200, 200, 201, 201, 200, 200, 201, 200, 201, 200, 201, 201, 200, 201, 200, 199, 200, 200, 200, 200, 200, 200, 200, 200, 200, 199, 200, 199, 198, 200, 199, 199, 199, 199, 198, 199, 199, 199, 199, 198, 198, 198, 198, 198, 198, 197, 198, 198, 197, 197, 197, 197, 197, 197, 198, 197, 196, 196, 196, 196
202, 201, 202, 201, 200, 202, 201, 201, 201, 201, 201, 201, 201, 201, 201, 201, 201, 201, 201, 201, 201, 202, 202, 201, 200, 201, 201, 201, 201, 201, 201, 201, 201, 201, 201, 201, 201, 201, 201, 201, 201, 201, 200, 201, 201, 201, 200, 200, 199, 120, 71, 123, 127, 66, 56, 58, 137, 50, 52, 190, 200, 201, 200, 201, 200, 200, 200, 201, 201, 200, 201, 201, 200, 201, 201, 201, 201, 201, 200, 201, 200, 200, 201, 201, 200, 200, 201, 200, 201, 201, 200, 200, 200, 200, 200, 201, 200, 200, 199, 199, 200, 199, 198, 199, 199, 199, 198, 198, 199, 198, 198, 198, 198, 198, 197, 198, 197, 198, 197, 197, 197, 197, 196, 197, 196, 196, 197, 196
200, 201, 202, 202, 201, 201, 201, 202, 202, 201, 202, 201, 202, 202, 202, 201, 202, 201, 201, 201, 201, 202, 201, 201, 201, 201, 202, 202, 202, 201, 202, 201, 202, 201, 201, 201, 202, 201, 201, 201, 200, 201, 201, 201, 201, 201, 201, 201, 201, 115, 77, 127, 128, 67, 75, 60, 136, 52, 55, 192, 200, 200, 201, 201, 201, 200, 201, 201, 201, 200, 200, 201, 201, 201, 201, 201, 201, 201, 201, 201, 200, 200, 201, 201, 201, 201, 201, 201, 201, 201, 201, 201, 200, 201, 200, 201, 201, 199, 200, 200, 200, 199, 200, 200, 200, 200, 200, 200, 199, 199, 198, 198, 199, 198, 198, 198, 198, 198, 198, 197, 198, 197, 197, 198, 197, 197, 197, 198
202, 202, 202, 202, 202, 202, 202, 202, 202, 202, 202, 202, 202, 202, 202, 202, 202, 201, 202, 202, 202, 202, 202, 202, 201, 202, 202, 202, 202, 202, 202, 202, 201, 202, 202, 201, 201, 202, 202, 202, 201, 201, 202, 201, 201, 201, 201, 195, 200, 108, 87, 126, 123, 67, 85, 72, 131, 51, 54, 194, 201, 201, 201, 200, 200, 201, 201, 201, 201, 201, 201, 201, 201, 201, 201, 201, 201, 201, 201, 201, 201, 201, 201, 201, 201, 200, 200, 200, 200, 201, 201, 201, 200, 201, 200, 200, 201, 200, 200, 200, 200, 200, 199, 199, 200, 199, 199, 200, 200, 200, 199, 200, 199, 198, 198, 198, 198, 198, 197, 198, 198, 197, 198, 198, 198, 197, 197, 197
202, 203, 201, 202, 202, 202, 202, 203, 203, 202, 203, 203, 203, 202, 202, 203, 203, 202, 202, 203, 203, 202, 202, 202, 203, 203, 203, 203, 202, 202, 202, 203, 202, 203, 202, 202, 202, 202, 202, 202, 202, 202, 201, 201, 201, 197, 202, 157, 202, 107, 87, 118, 102, 84, 84, 63, 111, 50, 54, 197, 176, 200, 194, 197, 201, 201, 201, 201, 201, 202, 201, 202, 202, 202, 201, 201, 202, 202, 201, 202, 201, 201, 202, 202, 201, 201, 201, 201, 201, 202, 200, 202, 201, 201, 201, 201, 200, 201, 200, 201, 201, 200, 201, 200, 200, 201, 201, 199, 199, 199, 200, 199, 200, 198, 199, 199, 199, 198, 199, 198, 198, 198, 199, 198, 198, 197, 197, 198
203, 202, 202, 203, 202, 202, 203, 203, 203, 203, 202, 203, 202, 203, 202, 204, 203, 203, 202, 203, 203, 202, 203, 202, 202, 203, 203, 203, 203, 203, 202, 203, 202, 204, 203, 203, 202, 203, 202, 202, 202, 202, 202, 203, 202, 192, 202, 155, 202, 125, 86, 56, 73, 109, 89, 64, 54, 47, 54, 197, 141, 201, 200, 201, 201, 201, 201, 202, 201, 202, 201, 202, 202, 202, 202, 202, 202, 201, 201, 201, 201, 201, 201, 202, 201, 202, 201, 201, 202, 201, 201, 202, 201, 201, 201, 200, 201, 201, 200, 201, 200, 200, 200, 200, 200, 200, 200, 200, 200, 200, 198, 199, 199, 200, 199, 199, 199, 199, 198, 198, 198, 198, 198, 199, 198, 198, 198, 197
203, 203, 203, 203, 202, 203, 203, 202, 203, 203, 204, 203, 203, 204, 204, 203, 204, 203, 203, 203, 203, 203, 204, 203, 203, 203, 203, 204, 203, 204, 203, 204, 204, 203, 203, 203, 203, 203, 203, 203, 203, 203, 202, 203, 202, 200, 202, 125, 103, 91, 55, 57, 75, 78, 101, 60, 53, 44, 53, 167, 127, 201, 200, 201, 202, 202, 202, 202, 201, 201, 202, 202, 202, 202, 202, 202, 201, 202, 202, 202, 202, 201, 202, 202, 201, 202, 201, 201, 201, 201, 201, 201, 201, 201, 201, 201, 201, 201, 200, 201, 200, 200, 200, 201, 200, 200, 200, 200, 200, 200, 200, 201, 200, 199, 200, 199, 199, 198, 199, 198, 199, 199, 198, 198, 198, 198, 198, 198
203, 203, 203, 203, 203, 203, 204, 204, 203, 204, 204, 204, 204, 204, 203, 204, 204, 203, 203, 203, 203, 203, 204, 204, 203, 204, 203, 204, 203, 204, 204, 204, 204, 204, 203, 203, 203, 204, 204, 203, 203, 203, 203, 203, 203, 199, 203, 137, 148, 84, 51, 52, 49, 97, 100, 66, 41, 32, 42, 96, 103, 201, 200, 202, 202, 202, 202, 203, 203, 202, 202, 202, 202, 202, 202, 202, 203, 202, 202, 202, 203, 202, 202, 202, 202, 202, 202, 202, 202, 201, 202, 201, 202, 201, 201, 201, 201, 201, 200, 201, 201, 201, 201, 201, 201, 201, 201, 200, 200, 200, 201, 200, 200, 199, 200, 199, 199, 199, 199, 199, 199, 199, 199, 199, 199, 198, 199, 199
204, 203, 203, 204, 204, 205, 204, 204, 204, 204, 204, 204, 204, 204, 204, 204, 204, 204, 204, 204, 204, 204, 204, 204, 204, 203, 204, 204, 204, 205, 205, 204, 205, 204, 204, 204, 204, 203, 204, 203, 203, 204, 204, 204, 203, 200, 203, 132, 126, 102, 110, 94, 59, 71, 82, 59, 49, 46, 52, 90, 112, 201, 198, 202, 202, 202, 203, 203, 203, 202, 203, 203, 203, 203, 203, 203, 203, 202, 203, 202, 202, 202, 202, 202, 202, 202, 202, 202, 202, 202, 202, 202, 202, 201, 201, 202, 201, 202, 201, 201, 201, 201, 201, 201, 201, 201, 201, 201, 200, 200, 200, 200, 200, 200, 199, 200, 200, 199, 199, 200, 200, 199, 199, 199, 198, 199, 199, 198
204, 204, 204, 204, 204, 204, 203, 204, 203, 205, 204, 204, 204, 205, 204, 205, 204, 204, 205, 204, 204, 204, 204, 204, 204, 204, 204, 205, 205, 205, 204, 204, 205, 204, 205, 205, 204, 204, 204, 204, 203, 204, 204, 203, 204, 196, 203, 146, 93, 69, 61, 54, 39, 37, 38, 38, 41, 43, 49, 55, 104, 202, 190, 202, 203, 204, 203, 203, 203, 204, 203, 204, 203, 203, 203, 203, 203, 204, 202, 202, 203, 202, 202, 203, 202, 202, 202, 203, 202, 202, 202, 203, 202, 202, 202, 202, 202, 202, 201, 201, 201, 201, 201, 201, 201, 201, 201, 200, 201, 200, 200, 200, 201, 200, 199, 200, 200, 200, 200, 199, 200, 199, 199, 199, 198, 199, 199, 199
204, 204, 204, 204, 204, 205, 205, 204, 204, 204, 204, 204, 205, 204, 205, 204, 204, 205, 205, 205, 204, 205, 205, 204, 204, 204, 204, 205, 204, 204, 205, 205, 205, 204, 204, 205, 204, 204, 204, 204, 204, 204, 204, 204, 206, 190, 203, 175, 83, 45, 38, 38, 33, 32, 31, 32, 32, 33, 38, 56, 164, 203, 186, 204, 204, 204, 204, 204, 203, 204, 203, 204, 204, 204, 204, 204, 203, 203, 202, 203, 202, 203, 203, 203, 204, 203, 203, 202, 203, 202, 203, 203, 203, 202, 202, 202, 202, 202, 202, 202, 202, 202, 201, 201, 201, 201, 200, 201, 201, 202, 200, 201, 201, 200, 201, 200, 201, 200, 200, 200, 200, 200, 200, 199, 200, 199, 199, 200
204, 204, 205, 205, 205, 205, 205, 204, 205, 205, 206, 205, 205, 204, 205, 205, 205, 205, 205, 205, 205, 205, 205, 205, 205, 205, 205, 205, 205, 205, 205, 205, 205, 205, 205, 205, 205, 205, 204, 204, 204, 205, 204, 204, 206, 188, 203, 161, 138, 135, 87, 66, 38, 33, 32, 32, 31, 32, 36, 109, 194, 204, 182, 204, 204, 203, 204, 204, 204, 203, 204, 204, 204, 204, 203, 204, 204, 204, 204, 203, 204, 203, 203, 203, 203, 203, 203, 203, 203, 203, 203, 203, 203, 204, 202, 202, 202, 202, 202, 202, 202, 201, 202, 202, 201, 201, 202, 202, 202, 202, 201, 201, 201, 201, 200, 201, 201, 201, 200, 200, 200, 200, 201, 199, 200, 199, 200, 199
205, 205, 205, 204, 205, 204, 205, 205, 206, 205, 205, 205, 205, 205, 205, 205, 205, 205, 206, 204, 205, 205, 205, 205, 205, 205, 205, 206, 205, 205, 206, 206, 206, 206, 205, 205, 205, 206, 205, 206, 205, 205, 205, 204, 202, 182, 204, 124, 141, 136, 128, 108, 96, 65, 42, 34, 31, 31, 33, 66, 193, 204, 146, 195, 204, 204, 203, 204, 204, 204, 205, 204, 204, 205, 204, 204, 204, 205, 204, 203, 204, 203, 204, 203, 204, 204, 203, 203, 203, 203, 204, 202, 203, 202, 202, 203, 203, 202, 203, 202, 203, 202, 202, 202, 202, 202, 202, 202, 202, 202, 202, 201, 202, 201, 201, 201, 201, 201, 201, 201, 201, 201, 200, 200, 200, 200, 200, 200
205, 205, 205, 205, 205, 206, 205, 206, 206, 206, 205, 205, 205, 205, 205, 205, 206, 205, 205, 205, 205, 205, 205, 206, 206, 206, 205, 206, 205, 206, 206, 207, 206, 206, 206, 206, 206, 206, 205, 206, 205, 205, 205, 205, 184, 119, 104, 72, 78, 83, 79, 80, 83, 84, 86, 82, 64, 54, 47, 45, 82, 155, 126, 198, 205, 205, 204, 204, 205, 205, 204, 205, 204, 204, 204, 205, 205, 204, 205, 204, 204, 204, 205, 204, 204, 204, 204, 204, 204, 204, 204, 203, 204, 203, 203, 203, 203, 203, 203, 202, 203, 203, 203, 203, 203, 202, 202, 203, 202, 202, 202, 202, 201, 201, 201, 201, 201, 201, 202, 201, 201, 200, 201, 201, 200, 201, 200, 200
206, 205, 205, 206, 206, 206, 206, 206, 206, 206, 206, 205, 206, 206, 206, 207, 207, 206, 206, 206, 206, 206, 207, 206, 206, 206, 206, 207, 206, 206, 206, 206, 206, 206, 206, 206, 206, 206, 206, 206, 206, 206, 206, 161, 82, 41, 41, 35, 36, 35, 35, 34, 33, 33, 33, 33, 34, 36, 38, 40, 37, 45, 48, 59, 137, 205, 205, 205, 205, 206, 206, 206, 205, 205, 205, 205, 205, 205, 204, 205, 205, 205, 205, 206, 205, 204, 204, 204, 204, 204, 204, 204, 203, 204, 203, 204, 203, 203, 204, 204, 203, 203, 203, 203, 203, 203, 202, 202, 202, 202, 202, 202, 202, 202, 202, 201, 201, 201, 202, 201, 201, 201, 201, 201, 200, 200, 201, 200
206, 206, 206, 205, 206, 206, 207, 206, 206, 206, 206, 206, 207, 207, 207, 206, 206, 207, 207, 207, 207, 206, 206, 206, 207, 206, 206, 207, 206, 207, 207, 208, 207, 206, 206, 206, 207, 206, 206, 206, 206, 206, 204, 159, 59, 45, 59, 36, 35, 36, 35, 36, 35, 35, 35, 36, 36, 35, 38, 37, 37, 38, 40, 111, 205, 205, 205, 206, 205, 205, 205, 205, 205, 205, 205, 205, 205, 205, 206, 205, 205, 205, 205, 204, 205, 205, 204, 204, 205, 204, 204, 204, 204, 205, 204, 204, 204, 203, 203, 204, 204, 204, 204, 203, 203, 202, 203, 203, 202, 202, 203, 203, 202, 201, 202, 201, 201, 202, 201, 202, 202, 202, 202, 201, 201, 200, 201, 201
207, 206, 206, 206, 206, 206, 207, 206, 207, 206, 207, 207, 207, 207, 206, 206, 207, 207, 207, 207, 207, 207, 207, 206, 206, 207, 206, 207, 208, 208, 207, 207, 207, 207, 207, 207, 207, 206, 207, 207, 207, 206, 206, 206, 105, 80, 104, 37, 34, 34, 35, 34, 34, 32, 32, 33, 31, 32, 34, 35, 36, 35, 38, 116, 205, 205, 205, 206, 206, 206, 206, 205, 205, 206, 205, 206, 206, 205, 205, 206, 205, 206, 205, 206, 205, 205, 205, 204, 205, 205, 205, 204, 205, 204, 204, 204, 204, 204, 203, 205, 204, 204, 204, 203, 204, 204, 203, 203, 203, 203, 203, 203, 202, 202, 203, 202, 202, 202, 201, 202, 202, 202, 202, 202, 201, 201, 201, 202
206, 206, 207, 206, 206, 207, 206, 207, 207, 207, 207, 207, 207, 207, 207, 207, 208, 207, 207, 207, 207, 207, 206, 207, 206, 207, 207, 207, 206, 207, 208, 207, 207, 207, 207, 207, 207, 207, 207, 207, 207, 207, 207, 208, 128, 96, 102, 36, 34, 34, 34, 35, 33, 27, 30, 32, 28, 30, 34, 34, 36, 37, 38, 113, 205, 205, 206, 206, 206, 206, 206, 206, 206, 206, 206, 206, 205, 206, 205, 206, 206, 206, 205, 205, 205, 205, 205, 205, 205, 205, 205, 205, 205, 206, 205, 205, 204, 204, 204, 205, 204, 204, 204, 204, 203, 204, 203, 203, 204, 203, 203, 203, 203, 203, 203, 202, 203, 202, 203, 202, 202, 203, 202, 202, 202, 202, 201, 202
207, 206, 207, 207, 207, 207, 207, 207, 207, 207, 207, 207, 207, 208, 208, 207, 208, 207, 207, 208, 207, 208, 207, 208, 207, 208, 207, 206, 207, 207, 207, 208, 207, 207, 207, 207, 208, 207, 207, 207, 208, 207, 207, 208, 126, 91, 94, 35, 33, 32, 31, 34, 34, 28, 33, 32, 29, 32, 35, 35, 37, 36, 38, 113, 205, 206, 207, 206, 207, 207, 207, 206, 206, 206, 206, 205, 206, 206, 206, 207, 206, 207, 206, 206, 206, 206, 206, 206, 205, 205, 206, 205, 206, 206, 205, 205, 205, 205, 205, 205, 205, 205, 205, 204, 204, 205, 205, 205, 204, 204, 204, 203, 203, 203, 204, 203, 203, 203, 202, 202, 202, 203, 203, 203, 202, 201, 202, 202
207, 207, 207, 207, 207, 207, 207, 207, 207, 207, 207, 208, 208, 208, 208, 207, 207, 208, 207, 207, 207, 207, 208, 208, 208, 208, 208, 208, 208, 208, 208, 207, 207, 208, 208, 208, 207, 207, 207, 207, 208, 208, 207, 208, 115, 92, 91, 35, 33, 34, 33, 33, 33, 31, 31, 31, 30, 31, 34, 34, 34, 34, 36, 113, 205, 206, 206, 206, 207, 207, 208, 207, 207, 206, 207, 206, 207, 207, 206, 206, 207, 207, 206, 206, 206, 207, 206, 206, 205, 205, 205, 206, 205, 206, 205, 206, 205, 205, 206, 205, 205, 205, 204, 205, 205, 205, 205, 205, 204, 204, 204, 204, 203, 204, 204, 203, 204, 203, 204, 203, 203, 203, 204, 203, 202, 203, 202, 202
207, 207, 208, 207, 207, 207, 208, 207, 208, 207, 207, 207, 208, 208, 207, 207, 207, 208, 208, 207, 208, 208, 208, 208, 207, 208, 209, 209, 208, 208, 208, 208, 207, 207, 207, 207, 208, 208, 208, 208, 208, 208, 207, 208, 102, 86, 87, 35, 33, 32, 30, 32, 32, 29, 31, 32, 29, 31, 33, 32, 33, 33, 37, 111, 206, 207, 207, 207, 208, 207, 207, 208, 207, 207, 207, 206, 207, 207, 207, 207, 207, 207, 206, 206, 207, 207, 206, 206, 206, 206, 206, 205, 206, 206, 206, 206, 206, 206, 206, 206, 206, 205, 205, 205, 205, 205, 205, 205, 205, 205, 204, 205, 204, 205, 204, 204, 204, 204, 204, 203, 203, 203, 203, 203, 204, 202, 203, 203
207, 208, 207, 208, 207, 208, 208, 208, 207, 208, 208, 207, 208, 208, 208, 208, 208, 208, 208, 208, 208, 207, 208, 209, 209, 209, 208, 208, 208, 208, 209, 208, 208, 208, 208, 207, 208, 208, 208, 208, 208, 207, 208, 204, 98, 87, 84, 33, 31, 31, 31, 32, 32, 32, 33, 32, 32, 32, 33, 33, 33, 33, 35, 111, 206, 208, 207, 207, 207, 207, 207, 208, 208, 207, 208, 208, 207, 206, 207, 207, 207, 208, 208, 207, 207, 207, 207, 207, 207, 207, 206, 207, 206, 206, 206, 206, 206, 207, 205, 206, 205, 206, 205, 205, 206, 206, 205, 205, 205, 205, 205, 205, 204, 204, 205, 204, 204, 205, 204, 204, 204, 204, 204, 204, 203, 203, 203, 203
208, 207, 207, 207, 208, 207, 207, 208, 209, 207, 208, 208, 208, 208, 209, 209, 208, 208, 208, 208, 208, 208, 209, 208, 209, 209, 208, 209, 209, 208, 208, 208, 209, 208, 208, 208, 208, 208, 208, 208, 208, 208, 208, 198, 97, 98, 79, 33, 31, 31, 31, 30, 30, 31, 32, 32, 32, 32, 32, 32, 32, 34, 35, 109, 207, 208, 207, 208, 208, 207, 208, 208, 208, 208, 208, 208, 207, 207, 207, 207, 208, 207, 207, 207, 208, 207, 207, 207, 207, 207, 207, 207, 207, 207, 206, 207, 206, 206, 206, 206, 206, 206, 205, 205, 206, 206, 206, 205, 205, 206, 205, 205, 204, 204, 205, 205, 204, 204, 204, 204, 204, 204, 204, 203, 204, 204, 203, 204
207, 208, 207, 208, 208, 208, 208, 208, 208, 208, 208, 208, 209, 208, 208, 208, 209, 208, 208, 208, 208, 208, 208, 208, 208, 209, 209, 209, 209, 208, 209, 208, 208, 208, 208, 208, 209, 208, 208, 208, 207, 207, 208, 191, 95, 89, 76, 33, 31, 31, 31, 30, 30, 30, 29, 30, 31, 31, 31, 31, 33, 34, 35, 108, 206, 208, 207, 208, 208, 208, 208, 208, 208, 208, 208, 207, 208, 208, 208, 208, 207, 207, 207, 207, 208, 207, 208, 207, 207, 207, 206, 206, 207, 207, 207, 207, 207, 207, 206, 206, 206, 206, 207, 206, 206, 206, 205, 205, 205, 205, 206, 205, 205, 205, 205, 205, 205, 205, 204, 205, 204, 204, 204, 205, 205, 203, 204, 204
209, 209, 208, 208, 208, 208, 208, 209, 209, 208, 208, 209, 209, 209, 209, 209, 209, 209, 208, 209, 209, 209, 208, 209, 209, 209, 209, 209, 209, 209, 208, 209, 209, 209, 210, 209, 209, 209, 208, 209, 209, 209, 207, 188, 96, 86, 73, 33, 31, 30, 31, 31, 31, 31, 29, 31, 31, 31, 29, 31, 33, 33, 35, 109, 207, 209, 209, 208, 208, 208, 208, 209, 209, 208, 208, 208, 208, 209, 208, 208, 208, 208, 207, 208, 208, 208, 208, 208, 208, 207, 208, 207, 206, 207, 208, 207, 207, 207, 207, 206, 206, 206, 207, 206, 206, 206, 206, 206, 206, 206, 205, 205, 205, 205, 205, 204, 206, 205, 205, 205, 204, 204, 205, 205, 204, 204, 205, 204
208, 208, 208, 209, 208, 209, 209, 209, 209, 209, 209, 209, 209, 209, 209, 209, 209, 209, 209, 209, 209, 209, 209, 209, 209, 209, 209, 210, 209, 209, 209, 209, 209, 209, 210, 208, 209, 209, 209, 208, 209, 209, 208, 183, 97, 88, 70, 32, 31, 31, 30, 30, 30, 29, 32, 33, 31, 31, 31, 32, 32, 34, 36, 109, 208, 208, 209, 209, 209, 209, 209, 209, 209, 209, 208, 208, 209, 208, 209, 208, 209, 209, 208, 208, 208, 208, 208, 208, 207, 207, 208, 209, 208, 207, 207, 207, 208, 207, 207, 206, 207, 207, 207, 206, 206, 207, 207, 206, 206, 206, 207, 206, 206, 206, 205, 205, 206, 206, 205, 205, 206, 206, 205, 205, 205, 205, 204, 205
208, 209, 209, 209, 208, 209, 209, 209, 209, 208, 209, 209, 209, 209, 209, 209, 210, 209, 208, 209, 209, 209, 209, 209, 209, 209, 209, 210, 210, 209, 209, 209, 209, 209, 209, 210, 209, 209, 209, 209, 209, 209, 209, 179, 95, 89, 68, 32, 31, 30, 31, 31, 30, 30, 32, 32, 32, 31, 32, 33, 33, 34, 37, 108, 208, 209, 209, 209, 210, 209, 209, 209, 209, 210, 209, 209, 209, 209, 208, 209, 208, 208, 208, 209, 208, 209, 208, 208, 208, 208, 208, 208, 209, 208, 208, 208, 208, 208, 208, 208, 207, 207, 207, 207, 207, 207, 207, 206, 207, 206, 206, 206, 206, 206, 207, 206, 206, 206, 206, 206, 205, 206, 205, 205, 205, 205, 205, 204
209, 209, 209, 209, 209, 208, 209, 209, 209, 209, 209, 209, 209, 209, 209, 210, 210, 210, 210, 210, 209, 210, 209, 209, 209, 209, 208, 209, 209, 209, 210, 209, 209, 209, 209, 209, 209, 209, 209, 209, 209, 210, 209, 176, 99, 97, 67, 32, 32, 31, 31, 31, 30, 30, 31, 30, 31, 31, 31, 32, 33, 33, 35, 109, 208, 209, 209, 210, 209, 209, 209, 209, 209, 209, 209, 209, 209, 209, 209, 209, 209, 209, 209, 209, 208, 208, 208, 208, 208, 209, 209, 209, 208, 208, 208, 208, 208, 207, 207, 207, 207, 208, 207, 207, 207, 207, 207, 207, 207, 207, 207, 207, 206, 206, 207, 206, 206, 207, 206, 206, 206, 206, 206, 206, 206, 205, 205, 205
209, 209, 209, 209, 209, 210, 209, 209, 210, 209, 209, 209, 209, 210, 209, 209, 210, 210, 210, 209, 209, 209, 210, 209, 209, 210, 209, 210, 210, 209, 209, 209, 209, 210, 209, 210, 210, 209, 209, 210, 209, 209, 209, 171, 93, 91, 65, 31, 30, 31, 30, 30, 31, 31, 31, 31, 31, 31, 30, 31, 32, 33, 35, 109, 208, 209, 210, 209, 210, 210, 210, 210, 209, 209, 209, 210, 210, 209, 209, 209, 209, 209, 209, 209, 209, 208, 209, 208, 208, 209, 209, 209, 210, 209, 209, 209, 209, 209, 207, 208, 208, 208, 208, 208, 208, 208, 207, 208, 208, 208, 208, 207, 207, 207, 207, 207, 206, 208, 207, 207, 207, 207, 208, 208, 207, 207, 206, 207
209, 209, 209, 210, 209, 209, 209, 209, 210, 210, 209, 210, 210, 210, 209, 209, 210, 209, 211, 209, 210, 210, 210, 210, 209, 209, 209, 209, 209, 209, 210, 210, 210, 209, 210, 209, 209, 209, 210, 209, 209, 209, 209, 165, 89, 86, 61, 31, 30, 30, 29, 30, 30, 30, 31, 31, 30, 30, 31, 32, 32, 33, 35, 112, 208, 209, 209, 209, 209, 210, 210, 209, 209, 210, 209, 209, 209, 209, 209, 210, 209, 209, 209, 210, 209, 208, 209, 209, 209, 209, 208, 208, 209, 209, 208, 208, 209, 208, 208, 208, 209, 208, 209, 209, 209, 209, 209, 208, 209, 208, 208, 208, 209, 208, 208, 208, 208, 209, 209, 208, 208, 208, 208, 209, 208, 208, 207, 207
209, 209, 209, 209, 210, 210, 209, 210, 210, 210, 209, 209, 210, 209, 209, 211, 210, 210, 209, 210, 211, 210, 210, 209, 210, 210, 210, 210, 210, 210, 210, 210, 209, 210, 210, 210, 210, 210, 209, 210, 209, 209, 209, 161, 86, 86, 59, 31, 29, 29, 27, 29, 28, 30, 30, 31, 29, 29, 30, 31, 31, 31, 34, 112, 208, 209, 209, 209, 209, 209, 210, 210, 209, 209, 210, 209, 210, 209, 209, 210, 209, 209, 209, 209, 209, 209, 209, 209, 209, 209, 209, 209, 208, 209, 210, 209, 209, 208, 209, 209, 209, 208, 208, 208, 209, 208, 208, 207, 208, 207, 207, 208, 207, 208, 207, 207, 207, 207, 207, 208, 207, 208, 207, 207, 208, 206, 207, 206
209, 210, 210, 210, 209, 210, 210, 210, 210, 209, 210, 211, 211, 210, 210, 210, 210, 210, 210, 210, 210, 210, 210, 210, 210, 209, 210, 210, 210, 209, 210, 210, 210, 210, 210, 210, 210, 210, 210, 209, 210, 210, 209, 159, 89, 86, 57, 31, 30, 29, 29, 30, 29, 29, 30, 29, 29, 29, 30, 29, 31, 32, 35, 113, 208, 210, 210, 210, 210, 209, 209, 209, 210, 210, 210, 210, 210, 210, 209, 210, 210, 210, 209, 209, 209, 209, 209, 209, 209, 210, 209, 209, 209, 210, 209, 209, 209, 209, 209, 209, 208, 208, 208, 208, 209, 209, 208, 208, 208, 207, 208, 208, 208, 208, 208, 208, 208, 207, 207, 207, 208, 207, 208, 207, 207, 206, 207, 207
209, 210, 210, 210, 210, 210, 210, 210, 210, 210, 210, 210, 210, 210, 210, 210, 211, 210, 210, 210, 211, 210, 210, 210, 210, 210, 210, 210, 209, 209, 210, 211, 210, 210, 210, 210, 210, 209, 210, 210, 210, 210, 210, 156, 93, 90, 57, 30, 30, 29, 30, 31, 29, 31, 30, 30, 30, 31, 31, 29, 31, 33, 35, 113, 209, 210, 210, 210, 210, 210, 210, 210, 211, 210, 210, 210, 210, 211, 210, 210, 210, 210, 210, 209, 210, 210, 209, 209, 210, 210, 210, 210, 209, 209, 209, 209, 209, 209, 209, 209, 209, 208, 209, 209, 209, 209, 209, 209, 209, 208, 208, 208, 208, 208, 208, 208, 208, 208, 208, 207, 207, 207, 207, 207, 207, 207, 207, 207
209, 210, 210, 210, 211, 210, 210, 211, 210, 210, 211, 210, 210, 211, 210, 211, 211, 210, 210, 210, 210, 211, 211, 210, 211, 210, 211, 211, 211, 210, 211, 211, 210, 210, 211, 211, 210, 210, 210, 211, 210, 211, 209, 152, 93, 91, 54, 32, 30, 29, 30, 30, 29, 29, 30, 31, 30, 30, 30, 31, 31, 32, 35, 116, 209, 211, 210, 211, 210, 211, 210, 211, 211, 210, 210, 210, 210, 211, 210, 210, 210, 210, 210, 210, 210, 210, 210, 209, 210, 210, 209, 210, 210, 210, 209, 209, 209, 210, 209, 209, 209, 209, 209, 209, 209, 209, 208, 209, 208, 209, 209, 208, 208, 208, 208, 207, 208, 208, 208, 208, 207, 207, 207, 207, 207, 206, 206, 206
210, 210, 209, 210, 210, 210, 210, 210, 210, 211, 211, 212, 211, 211, 211, 211, 211, 211, 211, 211, 211, 211, 211, 211, 211, 210, 211, 211, 212, 210, 211, 211, 211, 210, 211, 211, 211, 210, 211, 211, 211, 211, 210, 150, 93, 90, 51, 31, 30, 29, 29, 30, 30, 30, 31, 31, 31, 30, 30, 32, 33, 32, 35, 118, 210, 211, 210, 211, 211, 211, 211, 210, 211, 211, 211, 211, 210, 210, 211, 211, 210, 210, 210, 210, 210, 210, 211, 210, 210, 210, 211, 210, 210, 210, 210, 210, 209, 209, 209, 209, 209, 209, 209, 209, 209, 209, 208, 209, 209, 208, 209, 208, 208, 207, 209, 208, 209, 208, 209, 208, 208, 208, 207, 207, 207, 207, 207, 208
211, 211, 210, 211, 210, 211, 210, 211, 211, 211, 211, 211, 211, 211, 211, 210, 211, 211, 211, 211, 212, 211, 211, 211, 212, 211, 211, 211, 211, 211, 211, 211, 212, 210, 211, 211, 211, 211, 211, 211, 211, 211, 210, 144, 88, 87, 51, 29, 30, 30, 30, 30, 28, 30, 30, 31, 29, 30, 31, 31, 32, 32, 34, 121, 210, 210, 211, 210, 211, 212, 211, 211, 210, 211, 211, 211, 211, 211, 211, 212, 211, 210, 211, 211, 209, 210, 210, 210, 210, 210, 210, 210, 210, 210, 210, 210, 209, 210, 209, 210, 209, 209, 210, 209, 209, 209, 209, 209, 209, 208, 209, 208, 209, 208, 208, 209, 209, 208, 209, 208, 208, 208, 208, 208, 208, 207, 208, 208
211, 211, 210, 211, 211, 211, 212, 211, 211, 211, 211, 211, 211, 211, 211, 211, 212, 211, 211, 211, 212, 211, 211, 211, 211, 211, 211, 211, 211, 211, 211, 211, 211, 211, 211, 212, 211, 211, 211, 211, 211, 211, 210, 139, 86, 88, 51, 31, 29, 30, 29, 29, 29, 29, 30, 31, 30, 30, 30, 31, 31, 32, 34, 125, 211, 211, 212, 211, 211, 212, 212, 211, 211, 211, 211, 211, 211, 212, 212, 211, 212, 211, 211, 210, 211, 212, 213, 212, 211, 212, 211, 210, 211, 211, 210, 210, 210, 210, 210, 210, 210, 210, 210, 211, 210, 210, 209, 209, 210, 210, 209, 209, 208, 209, 208, 208, 209, 208, 208, 208, 208, 208, 208, 208, 207, 207, 208, 207
211, 211, 211, 211, 211, 211, 211, 211, 211, 211, 212, 211, 212, 211, 212, 211, 212, 211, 211, 212, 211, 212, 212, 212, 212, 211, 212, 211, 211, 211, 211, 212, 212, 211, 212, 212, 211, 212, 212, 212, 211, 211, 211, 135, 87, 83, 48, 31, 30, 30, 29, 28, 28, 29, 30, 30, 29, 30, 30, 31, 32, 32, 35, 128, 210, 211, 211, 211, 212, 212, 211, 212, 212, 211, 212, 211, 211, 212, 212, 212, 212, 212, 212, 212, 211, 212, 212, 212, 212, 212, 211, 211, 213, 212, 212, 211, 212, 212, 211, 211, 211, 210, 211, 213, 214, 211, 210, 210, 210, 210, 209, 210, 210, 210, 209, 209, 209, 208, 209, 209, 208, 209, 208, 207, 208, 208, 208, 208
212, 211, 212, 211, 211, 211, 211, 212, 211, 212, 212, 212, 212, 211, 212, 212, 211, 212, 212, 212, 212, 212, 212, 212, 211, 212, 211, 211, 211, 211, 212, 211, 212, 211, 211, 211, 212, 212, 212, 212, 211, 211, 211, 133, 86, 86, 45, 30, 29, 30, 30, 28, 28, 29, 30, 31, 30, 29, 27, 30, 30, 32, 36, 130, 210, 211, 211, 211, 212, 211, 225, 219, 212, 211, 212, 211, 211, 211, 212, 211, 211, 211, 212, 212, 212, 211, 212, 211, 212, 212, 211, 212, 211, 211, 211, 211, 211, 211, 212, 211, 210, 211, 211, 211, 211, 211, 211, 211, 211, 211, 210, 210, 211, 210, 209, 210, 209, 209, 209, 209, 208, 209, 208, 209, 208, 208, 208, 208
211, 211, 212, 212, 211, 212, 211, 212, 211, 211, 211, 212, 211, 211, 212, 211, 212, 212, 213, 211, 212, 212, 212, 212, 212, 212, 212, 212, 211, 211, 211, 212, 211, 211, 212, 212, 211, 211, 211, 211, 212, 212, 212, 129, 85, 86, 44, 29, 29, 30, 30, 29, 28, 29, 29, 30, 30, 29, 28, 30, 30, 31, 34, 130, 210, 211, 212, 212, 211, 212, 224, 223, 211, 212, 212, 212, 212, 212, 211, 211, 212, 212, 211, 211, 211, 211, 211, 211, 211, 212, 211, 212, 212, 211, 212, 211, 211, 212, 211, 212, 212, 211, 211, 212, 211, 209, 211, 211, 211, 211, 211, 211, 211, 210, 210, 209, 210, 210, 210, 211, 210, 209, 209, 209, 208, 208, 208, 209
212, 212, 211, 211, 212, 212, 212, 212, 212, 212, 212, 212, 212, 211, 212, 211, 211, 212, 213, 212, 212, 212, 213, 212, 212, 213, 213, 212, 212, 212, 212, 212, 212, 212, 213, 212, 212, 212, 212, 212, 212, 212, 211, 122, 87, 87, 43, 29, 30, 29, 30, 28, 29, 29, 30, 30, 30, 31, 31, 30, 31, 31, 34, 131, 211, 211, 211, 211, 212, 212, 224, 226, 211, 212, 212, 211, 212, 212, 212, 211, 211, 212, 212, 211, 212, 211, 212, 212, 211, 212, 212, 211, 212, 212, 212, 211, 211, 212, 211, 212, 211, 211, 211, 212, 212, 223, 213, 211, 211, 211, 211, 211, 210, 211, 211, 211, 210, 210, 210, 210, 210, 207, 209, 209, 210, 209, 208, 209
212, 211, 211, 211, 212, 212, 212, 212, 211, 212, 212, 212, 212, 212, 211, 212, 212, 213, 213, 213, 213, 212, 212, 212, 212, 212, 212, 212, 212, 213, 212, 213, 213, 212, 211, 212, 212, 212, 213, 212, 212, 212, 212, 117, 84, 83, 42, 29, 29, 29, 29, 28, 29, 29, 30, 29, 30, 30, 30, 30, 30, 31, 34, 132, 211, 211, 211, 212, 212, 212, 207, 233, 191, 212, 212, 212, 212, 212, 212, 212, 212, 212, 211, 212, 212, 212, 211, 212, 212, 212, 212, 211, 211, 211, 211, 211, 212, 211, 211, 211, 211, 212, 212, 212, 212, 228, 218, 214, 211, 211, 211, 210, 210, 211, 210, 211, 210, 210, 210, 211, 210, 201, 210, 210, 209, 208, 209, 209
213, 213, 212, 213, 213, 213, 212, 213, 214, 213, 213, 212, 212, 212, 212, 212, 212, 212, 213, 212, 212, 212, 212, 212, 212, 212, 212, 212, 213, 212, 213, 212, 213, 212, 212, 213, 213, 213, 213, 213, 212, 212, 212, 114, 83, 82, 41, 30, 30, 29, 29, 29, 28, 30, 30, 30, 29, 29, 30, 31, 30, 31, 34, 133, 211, 211, 212, 212, 212, 212, 203, 213, 212, 212, 212, 212, 212, 212, 213, 212, 213, 212, 212, 212, 212, 212, 212, 211, 211, 212, 212, 212, 212, 211, 211, 211, 211, 212, 211, 211, 212, 211, 211, 210, 211, 226, 224, 204, 209, 211, 211, 211, 211, 210, 211, 210, 211, 211, 210, 210, 209, 181, 210, 210, 209, 209, 209, 209
213, 213, 213, 214, 215, 215, 214, 214, 215, 215, 214, 213, 213, 213, 213, 214, 213, 214, 213, 213, 214, 213, 213, 214, 213, 213, 214, 214, 214, 213, 212, 214, 213, 213, 212, 214, 213, 213, 213, 213, 212, 213, 213, 113, 84, 82, 39, 29, 30, 29, 28, 29, 28, 29, 29, 30, 29, 30, 30, 31, 30, 31, 35, 133, 211, 212, 212, 212, 212, 212, 204, 213, 212, 212, 212, 213, 212, 212, 212, 212, 202, 191, 211, 213, 212, 212, 212, 212, 212, 212, 212, 212, 212, 211, 212, 212, 211, 211, 212, 211, 211, 212, 211, 211, 211, 214, 226, 208, 211, 211, 210, 210, 211, 210, 210, 210, 210, 210, 209, 210, 210, 205, 209, 210, 210, 209, 209, 209
213, 213, 214, 215, 214, 215, 214, 215, 214, 214, 214, 214, 214, 214, 214, 214, 214, 214, 214, 215, 214, 214, 215, 214, 214, 214, 214, 214, 214, 214, 214, 215, 215, 214, 212, 214, 214, 214, 214, 213, 213, 213, 214, 110, 87, 84, 38, 30, 29, 29, 30, 29, 29, 29, 30, 29, 29, 29, 30, 30, 30, 31, 35, 133, 212, 212, 212, 212, 212, 212, 203, 212, 212, 212, 213, 212, 214, 213, 212, 212, 211, 191, 211, 212, 212, 213, 212, 212, 212, 212, 213, 212, 212, 212, 212, 212, 211, 212, 211, 211, 211, 211, 211, 212, 211, 205, 213, 210, 211, 211, 211, 211, 211, 210, 210, 210, 210, 210, 210, 210, 209, 206, 209, 209, 209, 209, 209, 209
213, 213, 213, 213, 214, 214, 215, 214, 215, 215, 214, 215, 215, 214, 214, 214, 214, 215, 214, 215, 214, 215, 215, 215, 215, 215, 214, 215, 215, 214, 214, 215, 215, 215, 211, 213, 214, 215, 214, 213, 214, 214, 215, 107, 89, 87, 37, 30, 30, 29, 30, 30, 29, 30, 30, 30, 30, 30, 30, 30, 31, 31, 35, 135, 212, 212, 212, 213, 213, 212, 204, 212, 213, 213, 213, 213, 213, 213, 212, 212, 212, 204, 212, 213, 213, 213, 213, 213, 212, 213, 212, 212, 212, 212, 211, 212, 212, 212, 211, 211, 211, 212, 211, 211, 211, 205, 211, 211, 211, 211, 211, 211, 211, 211, 211, 211, 210, 210, 210, 209, 210, 202, 210, 209, 210, 208, 210, 209
212, 212, 213, 213, 213, 213, 213, 213, 213, 213, 213, 213, 213, 213, 213, 213, 213, 213, 213, 213, 214, 213, 214, 214, 214, 214, 214, 214, 214, 214, 215, 214, 214, 214, 208, 214, 214, 214, 214, 214, 214, 214, 215, 104, 91, 88, 36, 31, 30, 31, 30, 29, 30, 29, 30, 30, 30, 31, 31, 31, 31, 33, 35, 134, 212, 212, 212, 212, 213, 213, 203, 212, 213, 212, 212, 213, 212, 212, 211, 210, 205, 196, 209, 211, 212, 213, 213, 213, 213, 213, 212, 212, 212, 212, 212, 212, 212, 212, 212, 212, 212, 212, 212, 212, 211, 204, 211, 211, 211, 211, 211, 211, 211, 211, 210, 210, 210, 210, 210, 210, 210, 173, 209, 209, 210, 209, 209, 209
213, 213, 213, 213, 213, 213, 213, 213, 213, 213, 212, 213, 213, 214, 213, 214, 213, 213, 213, 213, 213, 214, 214, 214, 213, 214, 214, 214, 214, 214, 213, 214, 214, 214, 199, 214, 214, 213, 213, 213, 213, 213, 214, 102, 88, 85, 34, 31, 29, 30, 29, 31, 29, 29, 29, 30, 30, 30, 30, 30, 31, 32, 35, 102, 189, 212, 212, 213, 213, 213, 203, 212, 213, 213, 213, 213, 213, 212, 213, 213, 213, 206, 213, 213, 213, 212, 213, 213, 212, 212, 212, 213, 213, 212, 212, 213, 213, 212, 211, 212, 212, 212, 211, 212, 211, 205, 211, 212, 211, 211, 211, 211, 212, 211, 211, 211, 210, 210, 210, 210, 210, 187, 209, 210, 210, 209, 209, 209
213, 213, 213, 213, 213, 214, 213, 213, 213, 214, 214, 213, 213, 213, 213, 213, 213, 213, 213, 214, 213, 214, 214, 214, 214, 213, 214, 214, 214, 214, 214, 214, 213, 212, 183, 213, 214, 213, 213, 213, 213, 213, 214, 96, 87, 85, 34, 30, 30, 29, 29, 29, 29, 30, 29, 29, 30, 29, 30, 30, 30, 31, 33, 94, 95, 187, 212, 212, 207, 201, 203, 213, 212, 213, 213, 213, 213, 213, 212, 213, 213, 208, 213, 213, 213, 212, 212, 213, 212, 212, 212, 212, 212, 212, 212, 213, 212, 212, 212, 211, 212, 212, 211, 212, 211, 205, 211, 212, 211, 211, 212, 211, 210, 210, 210, 211, 210, 211, 188, 205, 210, 163, 209, 209, 209, 209, 209, 178
213, 212, 213, 213, 214, 213, 213, 212, 213, 213, 213, 213, 213, 213, 213, 214, 213, 213, 214, 214, 213, 213, 213, 213, 213, 214, 166, 213, 213, 213, 214, 213, 213, 214, 199, 214, 214, 214, 213, 213, 213, 213, 212, 95, 89, 85, 33, 30, 29, 29, 30, 29, 31, 30, 31, 31, 30, 31, 30, 30, 31, 31, 33, 107, 70, 184, 213, 218, 202, 164, 188, 211, 213, 213, 213, 213, 213, 213, 214, 213, 213, 208, 214, 213, 213, 213, 213, 213, 213, 213, 212, 213, 213, 212, 213, 213, 213, 212, 212, 209, 212, 212, 212, 212, 211, 204, 212, 211, 211, 212, 211, 211, 211, 211, 211, 192, 114, 107, 103, 103, 143, 121, 204, 202, 202, 167, 143, 118
213, 213, 213, 213, 213, 214, 213, 213, 213, 213, 213, 213, 214, 214, 213, 214, 214, 214, 214, 213, 213, 214, 214, 214, 214, 207, 143, 213, 213, 213, 214, 214, 213, 213, 179, 213, 213, 213, 213, 214, 213, 213, 210, 93, 93, 85, 32, 29, 29, 30, 30, 30, 30, 30, 31, 31, 31, 30, 30, 30, 31, 31, 32, 53, 128, 161, 191, 191, 99, 93, 124, 204, 213, 213, 212, 216, 208, 147, 144, 198, 211, 201, 213, 213, 213, 213, 213, 213, 213, 212, 212, 213, 213, 213, 213, 212, 212, 211, 211, 211, 212, 212, 211, 212, 211, 204, 211, 211, 212, 211, 212, 211, 211, 211, 211, 151, 83, 80, 78, 66, 129, 88, 144, 107, 99, 93, 92, 66
212, 213, 213, 213, 213, 213, 214, 213, 214, 214, 214, 213, 213, 213, 213, 214, 214, 214, 214, 213, 214, 214, 214, 214, 213, 200, 135, 211, 213, 213, 214, 214, 214, 214, 161, 213, 214, 213, 213, 213, 213, 213, 207, 93, 93, 85, 33, 30, 29, 30, 30, 30, 31, 30, 31, 32, 31, 31, 31, 30, 31, 32, 31, 69, 83, 89, 115, 150, 94, 86, 123, 207, 212, 213, 211, 160, 142, 100, 99, 152, 191, 199, 214, 213, 213, 213, 213, 213, 213, 212, 212, 213, 212, 213, 212, 213, 213, 212, 210, 210, 212, 212, 212, 212, 211, 199, 212, 212, 211, 211, 211, 211, 211, 210, 126, 104, 73, 85, 101, 85, 81, 73, 80, 97, 84, 82, 75, 56
213, 213, 213, 214, 213, 214, 213, 213, 213, 213, 214, 214, 214, 214, 214, 213, 214, 214, 213, 213, 214, 213, 214, 213, 213, 201, 104, 213, 214, 213, 213, 213, 214, 178, 88, 171, 214, 182, 146, 204, 213, 213, 203, 88, 88, 79, 32, 31, 31, 32, 32, 31, 32, 32, 32, 33, 34, 36, 39, 42, 46, 50, 51, 69, 90, 84, 48, 102, 90, 81, 116, 195, 205, 209, 213, 184, 161, 102, 100, 159, 151, 187, 212, 212, 196, 208, 207, 199, 139, 142, 162, 204, 212, 212, 212, 212, 212, 212, 210, 210, 212, 212, 212, 212, 212, 201, 212, 212, 211, 211, 211, 211, 210, 204, 99, 81, 97, 106, 62, 68, 63, 81, 82, 72, 83, 64, 54, 74
214, 213, 213, 213, 214, 213, 214, 213, 213, 213, 214, 214, 214, 214, 213, 213, 214, 214, 214, 214, 214, 214, 214, 214, 213, 198, 110, 213, 214, 213, 214, 214, 213, 115, 48, 140, 214, 116, 63, 180, 191, 188, 173, 105, 109, 107, 92, 93, 94, 100, 104, 107, 110, 114, 116, 119, 121, 123, 125, 124, 120, 121, 122, 120, 115, 118, 116, 96, 103, 108, 109, 102, 97, 100, 103, 111, 108, 100, 91, 96, 125, 135, 149, 145, 113, 115, 109, 101, 101, 74, 101, 134, 197, 204, 209, 212, 214, 213, 208, 211, 212, 212, 211, 212, 211, 201, 211, 164, 167, 188, 203, 211, 171, 121, 77, 63, 87, 75, 47, 47, 40, 56, 76, 129, 65, 46, 35, 65
214, 213, 214, 213, 213, 213, 213, 213, 213, 214, 214, 213, 214, 213, 213, 214, 214, 213, 213, 214, 215, 214, 214, 214, 213, 194, 106, 213, 213, 213, 213, 214, 213, 154, 45, 157, 148, 126, 122, 128, 129, 126, 124, 124, 124, 120, 118, 123, 121, 119, 120, 118, 116, 117, 118, 117, 119, 119, 117, 116, 115, 112, 106, 109, 119, 125, 122, 116, 115, 115, 112, 113, 110, 110, 106, 105, 106, 109, 91, 95, 93, 101, 104, 112, 109, 90, 92, 90, 91, 84, 70, 82, 106, 104, 103, 108, 111, 121, 126, 134, 139, 146, 150, 153, 161, 160, 158, 99, 93, 95, 114, 158, 96, 99, 92, 100, 86, 84, 85, 79, 83, 81, 84, 99, 76, 46, 32, 49
213, 214, 214, 214, 213, 214, 213, 214, 214, 213, 213, 214, 214, 213, 214, 213, 214, 214, 214, 214, 213, 214, 214, 197, 192, 178, 111, 199, 207, 213, 213, 212, 186, 145, 116, 125, 119, 119, 117, 117, 113, 114, 114, 113, 110, 112, 112, 112, 109, 106, 103, 102, 104, 105, 105, 105, 101, 100, 100, 100, 104, 116, 120, 122, 125, 120, 120, 121, 118, 114, 112, 118, 105, 93, 98, 111, 119, 94, 98, 80, 83, 91, 78, 83, 90, 99, 78, 79, 59, 60, 52, 81, 107, 110, 110, 108, 111, 109, 110, 110, 108, 110, 109, 109, 109, 108, 108, 96, 81, 80, 91, 91, 104, 82, 83, 93, 90, 68, 79, 67, 83, 53, 58, 53, 54, 43, 51, 70
213, 213, 213, 214, 213, 214, 214, 214, 214, 214, 214, 214, 214, 214, 214, 214, 213, 214, 213, 214, 214, 214, 213, 191, 199, 202, 142, 206, 156, 167, 139, 111, 105, 99, 91, 81, 81, 85, 84, 84, 82, 79, 78, 76, 70, 70, 72, 67, 61, 64, 59, 64, 69, 65, 64, 68, 66, 69, 66, 64, 56, 59, 61, 60, 60, 62, 64, 55, 55, 99, 86, 85, 107, 94, 95, 92, 98, 96, 95, 88, 71, 76, 66, 58, 98, 88, 77, 54, 37, 53, 95, 99, 114, 115, 115, 116, 115, 115, 114, 113, 112, 113, 114, 114, 112, 113, 104, 103, 72, 56, 63, 76, 84, 63, 76, 83, 57, 103, 100, 95, 79, 66, 52, 43, 57, 63, 78, 54
214, 213, 214, 213, 214, 214, 213, 214, 214, 214, 214, 214, 214, 214, 214, 214, 214, 214, 214, 214, 214, 214, 218, 208, 177, 159, 85, 177, 167, 90, 76, 67, 66, 68, 69, 70, 69, 62, 66, 69, 68, 68, 70, 70, 72, 73, 73, 74, 76, 76, 72, 61, 50, 58, 65, 73, 76, 78, 78, 78, 70, 65, 67, 68, 68, 68, 66, 61, 78, 89, 71, 91, 99, 79, 76, 96, 94, 70, 59, 71, 65, 61, 62, 58, 85, 61, 48, 43, 32, 38, 47, 53, 56, 61, 63, 69, 72, 73, 81, 83, 90, 93, 95, 102, 106, 113, 82, 63, 65, 68, 63, 61, 73, 68, 89, 89, 71, 72, 76, 60, 66, 68, 73, 45, 41, 72, 69, 78
213, 213, 213, 213, 214, 213, 213, 214, 214, 214, 214, 213, 214, 213, 213, 214, 213, 214, 214, 214, 214, 214, 211, 165, 171, 189, 143, 187, 154, 115, 87, 83, 71, 79, 85, 88, 88, 81, 75, 87, 89, 89, 91, 93, 93, 92, 91, 88, 94, 93, 91, 74, 49, 67, 73, 84, 90, 93, 94, 93, 84, 77, 79, 78, 77, 77, 79, 93, 81, 76, 63, 63, 77, 76, 56, 60, 60, 46, 41, 46, 48, 55, 60, 84, 80, 81, 56, 38, 48, 63, 47, 51, 51, 50, 50, 48, 47, 45, 43, 41, 39, 37, 36, 35, 67, 101, 71, 64, 52, 61, 47, 42, 70, 63, 69, 52, 37, 41, 40, 48, 62, 51, 58, 71, 70, 93, 89, 76
213, 213, 213, 213, 213, 213, 214, 214, 214, 213, 213, 213, 214, 214, 214, 213, 214, 213, 213, 213, 195, 186, 213, 214, 213, 185, 144, 211, 154, 105, 101, 99, 97, 75, 90, 101, 99, 91, 84, 95, 96, 98, 98, 100, 100, 99, 99, 96, 101, 100, 98, 81, 47, 69, 85, 93, 98, 102, 101, 97, 89, 82, 81, 82, 81, 80, 86, 82, 67, 90, 47, 45, 66, 58, 43, 65, 40, 35, 37, 46, 46, 57, 57, 60, 58, 52, 42, 32, 43, 42, 50, 59, 58, 58, 56, 55, 53, 51, 51, 50, 47, 45, 43, 40, 67, 71, 58, 53, 86, 90, 64, 56, 51, 43, 42, 47, 31, 23, 44, 45, 92, 52, 40, 43, 68, 64, 71, 57
213, 213, 213, 213, 213, 214, 213, 213, 213, 213, 213, 214, 213, 213, 214, 213, 214, 214, 206, 131, 104, 117, 178, 213, 213, 182, 147, 213, 153, 108, 108, 104, 100, 103, 99, 104, 103, 94, 85, 95, 97, 95, 101, 101, 97, 96, 100, 98, 97, 99, 94, 82, 47, 70, 83, 93, 94, 105, 97, 93, 90, 79, 76, 78, 71, 79, 75, 77, 75, 96, 66, 60, 68, 65, 58, 82, 72, 44, 39, 36, 50, 56, 53, 61, 62, 55, 37, 26, 47, 53, 58, 59, 58, 59, 58, 57, 56, 54, 52, 50, 50, 48, 46, 43, 52, 68, 57, 54, 69, 66, 48, 55, 50, 38, 27, 28, 27, 31, 76, 62, 62, 46, 75, 33, 21, 39, 36, 30
213, 213, 213, 213, 213, 213, 214, 213, 213, 213, 213, 214, 213, 213, 213, 213, 213, 204, 119, 67, 68, 64, 160, 213, 213, 179, 154, 213, 156, 103, 100, 98, 99, 113, 97, 130, 90, 98, 104, 93, 85, 103, 144, 92, 100, 146, 120, 105, 165, 127, 96, 94, 58, 92, 59, 86, 144, 188, 107, 132, 115, 84, 74, 43, 43, 60, 81, 106, 102, 72, 59, 118, 70, 50, 64, 81, 63, 35, 31, 36, 37, 38, 36, 46, 71, 58, 64, 36, 29, 44, 44, 52, 44, 45, 43, 46, 45, 47, 43, 42, 41, 41, 44, 43, 66, 76, 53, 53, 80, 49, 44, 39, 47, 54, 35, 28, 27, 34, 175, 102, 65, 40, 175, 83, 20, 23, 23, 25
213, 213, 213, 213, 214, 214, 213, 213, 214, 213, 214, 214, 214, 214, 213, 213, 212, 170, 73, 59, 60, 81, 139, 212, 212, 174, 159, 215, 182, 196, 135, 123, 185, 144, 195, 167, 87, 177, 196, 123, 78, 200, 159, 89, 192, 183, 115, 178, 166, 102, 160, 140, 177, 171, 76, 109, 212, 134, 96, 210, 146, 88, 58, 40, 47, 46, 82, 178, 166, 74, 70, 194, 125, 45, 81, 81, 55, 35, 26, 27, 38, 34, 32, 38, 46, 51, 58, 25, 35, 53, 77, 67, 36, 34, 50, 52, 46, 49, 39, 32, 43, 43, 42, 41, 60, 51, 45, 40, 37, 44, 43, 57, 45, 46, 61, 31, 23, 42, 167, 104, 58, 68, 167, 96, 23, 20, 22, 19
213, 213, 213, 213, 213, 213, 213, 213, 213, 214, 214, 213, 213, 214, 213, 214, 189, 86, 63, 60, 46, 81, 153, 213, 213, 168, 162, 201, 205, 145, 92, 174, 151, 142, 179, 96, 82, 207, 141, 84, 138, 168, 95, 101, 192, 126, 119, 172, 108, 81, 142, 167, 182, 107, 81, 155, 138, 84, 83, 193, 145, 87, 55, 47, 57, 52, 76, 98, 97, 71, 60, 96, 76, 45, 63, 50, 38, 35, 27, 38, 63, 32, 36, 33, 38, 45, 47, 31, 43, 46, 42, 58, 46, 32, 48, 55, 52, 51, 32, 29, 40, 47, 46, 39, 23, 28, 51, 56, 58, 65, 78, 40, 47, 74, 47, 25, 26, 22, 39, 26, 54, 25, 48, 25, 21, 22, 24, 21
213, 213, 213, 213, 213, 213, 213, 213, 213, 213, 213, 213, 213, 213, 213, 182, 76, 64, 57, 60, 42, 90, 95, 213, 213, 162, 167, 172, 179, 99, 84, 181, 103, 161, 112, 75, 72, 177, 94, 84, 146, 124, 81, 105, 139, 85, 120, 142, 86, 70, 121, 168, 133, 83, 69, 128, 122, 76, 64, 174, 142, 88, 63, 50, 55, 55, 83, 80, 64, 69, 59, 66, 62, 57, 73, 45, 37, 31, 25, 43, 31, 30, 63, 67, 37, 34, 43, 33, 40, 35, 48, 64, 63, 36, 47, 55, 54, 49, 34, 35, 40, 46, 43, 35, 34, 54, 75, 71, 67, 85, 70, 49, 41, 69, 42, 27, 19, 22, 29, 23, 52, 22, 24, 26, 20, 24, 29, 29
213, 212, 212, 213, 213, 211, 213, 213, 211, 212, 213, 212, 211, 212, 214, 131, 68, 61, 58, 62, 44, 73, 130, 212, 212, 158, 166, 173, 178, 124, 60, 114, 167, 67, 164, 82, 51, 158, 111, 53, 70, 190, 94, 48, 153, 153, 53, 147, 143, 53, 106, 139, 56, 72, 46, 88, 197, 97, 57, 159, 139, 89, 68, 49, 58, 58, 88, 81, 63, 67, 59, 68, 67, 74, 74, 48, 34, 34, 23, 21, 26, 69, 75, 79, 82, 67, 80, 65, 44, 49, 73, 63, 39, 32, 42, 39, 51, 49, 32, 34, 41, 46, 39, 24, 32, 74, 71, 61, 71, 91, 67, 46, 72, 58, 42, 43, 40, 67, 71, 54, 54, 28, 32, 28, 23, 28, 25, 30
213, 213, 213, 213, 213, 194, 213, 214, 190, 213, 213, 200, 170, 173, 169, 60, 59, 60, 66, 56, 52, 69, 122, 212, 213, 154, 164, 211, 218, 161, 73, 102, 193, 74, 190, 99, 65, 153, 119, 68, 76, 180, 108, 65, 142, 160, 79, 139, 144, 80, 95, 134, 53, 80, 75, 85, 188, 112, 79, 145, 137, 90, 68, 48, 57, 58, 88, 82, 62, 68, 71, 76, 55, 62, 72, 58, 34, 31, 23, 19, 24, 61, 49, 33, 54, 77, 81, 80, 52, 46, 60, 56, 29, 25, 27, 47, 62, 48, 42, 36, 41, 45, 37, 25, 38, 68, 71, 64, 72, 67, 44, 53, 60, 43, 24, 24, 30, 71, 63, 47, 57, 39, 24, 26, 27, 23, 29, 40
155, 161, 164, 167, 177, 138, 190, 193, 130, 102, 162, 59, 72, 82, 72, 59, 59, 68, 59, 51, 50, 80, 109, 210, 213, 149, 93, 131, 203, 162, 102, 98, 190, 104, 198, 115, 92, 139, 123, 99, 85, 175, 121, 87, 137, 163, 102, 140, 146, 105, 92, 126, 53, 90, 101, 88, 184, 120, 98, 137, 132, 89, 66, 53, 58, 61, 88, 80, 61, 65, 68, 53, 40, 56, 54, 33, 28, 27, 40, 61, 45, 62, 56, 48, 37, 70, 72, 62, 58, 60, 75, 67, 26, 23, 30, 47, 47, 35, 31, 46, 44, 57, 67, 32, 29, 61, 69, 75, 69, 70, 49, 49, 36, 39, 19, 17, 27, 68, 64, 54, 51, 20, 22, 24, 26, 34, 24, 35
121, 95, 88, 87, 116, 130, 102, 77, 61, 50, 55, 59, 101, 106, 93, 60, 65, 68, 53, 60, 50, 51, 96, 151, 142, 88, 65, 65, 207, 161, 144, 108, 191, 118, 201, 117, 133, 125, 130, 119, 113, 177, 126, 127, 140, 155, 142, 159, 145, 155, 93, 109, 50, 109, 152, 101, 189, 133, 145, 124, 122, 83, 58, 55, 60, 62, 74, 71, 56, 64, 63, 56, 39, 72, 57, 33, 34, 66, 69, 72, 51, 50, 41, 26, 18, 75, 53, 66, 66, 61, 76, 57, 37, 34, 57, 54, 34, 32, 28, 36, 52, 51, 58, 33, 25, 72, 86, 67, 63, 55, 71, 50, 56, 35, 23, 44, 40, 40, 32, 29, 53, 27, 25, 28, 32, 29, 23, 25
121, 88, 81, 84, 141, 91, 102, 76, 68, 68, 69, 96, 54, 69, 95, 80, 69, 65, 44, 50, 34, 39, 57, 70, 72, 75, 71, 79, 140, 115, 133, 105, 124, 127, 137, 114, 113, 95, 97, 127, 104, 134, 118, 113, 123, 116, 130, 138, 108, 127, 107, 87, 55, 101, 127, 112, 141, 110, 128, 115, 109, 85, 63, 71, 71, 71, 77, 67, 48, 57, 47, 47, 38, 37, 31, 27, 42, 45, 59, 49, 34, 27, 26, 17, 16, 39, 59, 28, 36, 44, 43, 32, 31, 30, 39, 37, 33, 33, 52, 32, 30, 43, 58, 31, 26, 64, 59, 45, 43, 33, 39, 31, 37, 38, 18, 34, 35, 24, 21, 26, 49, 37, 27, 17, 17, 18, 23, 22
76, 79, 78, 82, 111, 75, 107, 109, 67, 56, 102, 101, 51, 52, 76, 69, 52, 65, 55, 48, 34, 33, 42, 64, 73, 65, 63, 73, 220, 156, 189, 187, 185, 177, 206, 169, 201, 163, 135, 190, 199, 202, 175, 202, 207, 173, 203, 217, 173, 204, 199, 113, 65, 153, 204, 212, 204, 182, 209, 205, 129, 92, 70, 76, 77, 79, 88, 78, 54, 76, 61, 64, 66, 55, 42, 58, 33, 23, 45, 58, 42, 20, 17, 18, 18, 20, 22, 18, 20, 23, 66, 46, 33, 30, 26, 24, 26, 34, 58, 33, 30, 31, 36, 28, 26, 38, 28, 36, 58, 26, 18, 21, 27, 20, 18, 14, 19, 20, 17, 18, 67, 21, 37, 14, 14, 15, 20, 22
87, 84, 83, 87, 100, 106, 102, 89, 92, 78, 73, 76, 130, 144, 55, 71, 64, 64, 48, 41, 34, 32, 31, 36, 37, 60, 128, 143, 139, 138, 146, 140, 135, 131, 130, 137, 130, 106, 123, 132, 132, 133, 136, 135, 132, 135, 130, 129, 133, 128, 110, 101, 75, 121, 127, 128, 126, 129, 117, 115, 88, 89, 91, 98, 96, 92, 88, 73, 46, 58, 58, 57, 72, 57, 57, 43, 27, 29, 31, 32, 20, 22, 19, 27, 27, 23, 19, 23, 20, 17, 32, 39, 40, 20, 17, 19, 22, 23, 30, 32, 35, 36, 33, 33, 30, 30, 30, 31, 36, 26, 33, 24, 26, 24, 25, 15, 14, 20, 12, 16, 47, 18, 37, 20, 24, 17, 13, 16
94, 97, 97, 100, 108, 111, 105, 108, 106, 116, 108, 130, 124, 112, 59, 106, 93, 68, 42, 39, 39, 31, 33, 48, 49, 61, 122, 134, 130, 127, 127, 128, 129, 124, 133, 133, 130, 104, 93, 130, 131, 132, 131, 134, 133, 135, 135, 135, 138, 137, 135, 88, 53, 113, 145, 147, 146, 145, 143, 143, 94, 80, 81, 78, 78, 77, 76, 67, 54, 65, 51, 50, 54, 50, 42, 47, 24, 21, 18, 25, 27, 21, 23, 18, 18, 15, 21, 25, 25, 23, 23, 27, 19, 21, 17, 17, 19, 22, 27, 29, 28, 28, 28, 27, 27, 29, 33, 55, 58, 36, 24, 22, 21, 21, 20, 21, 13, 14, 15, 18, 50, 14, 16, 15, 12, 22, 15, 14
96, 100, 94, 99, 110, 109, 105, 96, 85, 81, 96, 107, 93, 81, 68, 59, 41, 53, 38, 32, 32, 33, 34, 39, 45, 62, 61, 69, 202, 182, 189, 191, 186, 188, 191, 189, 195, 160, 107, 180, 198, 178, 191, 190, 189, 178, 192, 197, 180, 191, 185, 124, 57, 117, 189, 192, 177, 190, 194, 196, 124, 81, 79, 77, 75, 78, 77, 72, 58, 65, 50, 73, 55, 49, 36, 44, 28, 27, 25, 22, 20, 17, 16, 14, 18, 30, 46, 28, 25, 25, 16, 14, 17, 17, 17, 17, 17, 23, 34, 42, 36, 33, 31, 30, 31, 58, 69, 59, 51, 46, 31, 26, 27, 30, 35, 20, 13, 12, 12, 18, 48, 12, 14, 17, 13, 14, 16, 13
97, 89, 96, 105, 106, 106, 99, 86, 86, 68, 86, 76, 88, 85, 97, 87, 74, 60, 46, 31, 30, 33, 31, 66, 75, 69, 65, 84, 211, 160, 140, 208, 207, 167, 213, 180, 177, 179, 146, 133, 202, 205, 186, 180, 211, 203, 166, 216, 199, 166, 206, 133, 76, 174, 164, 212, 210, 189, 179, 215, 124, 91, 73, 117, 81, 71, 83, 74, 60, 66, 53, 49, 38, 46, 54, 42, 29, 38, 44, 35, 50, 18, 17, 15, 20, 66, 39, 30, 34, 20, 19, 20, 15, 17, 17, 15, 18, 22, 28, 48, 41, 45, 34, 31, 54, 59, 69, 76, 67, 38, 36, 32, 36, 30, 32, 23, 17, 14, 13, 17, 48, 14, 16, 16, 16, 24, 14, 14
73, 62, 70, 84, 82, 83, 83, 58, 60, 50, 68, 56, 56, 60, 60, 74, 75, 71, 41, 32, 29, 35, 36, 62, 58, 59, 71, 160, 217, 86, 64, 195, 182, 141, 205, 122, 125, 178, 93, 66, 171, 213, 136, 123, 223, 174, 110, 209, 164, 98, 191, 134, 182, 169, 106, 196, 213, 134, 117, 215, 124, 95, 161, 195, 98, 50, 80, 74, 61, 67, 51, 29, 28, 44, 50, 47, 31, 69, 72, 40, 25, 25, 32, 15, 20, 35, 23, 40, 42, 22, 29, 30, 22, 16, 23, 20, 18, 26, 22, 22, 27, 33, 34, 30, 30, 50, 71, 75, 50, 60, 41, 33, 34, 24, 25, 24, 19, 22, 14, 18, 46, 16, 16, 18, 18, 16, 15, 14
61, 65, 68, 69, 73, 69, 82, 80, 47, 47, 53, 45, 34, 56, 62, 60, 55, 81, 61, 35, 34, 39, 34, 53, 42, 55, 76, 174, 217, 93, 74, 177, 115, 153, 130, 80, 101, 177, 89, 62, 152, 149, 88, 95, 176, 104, 125, 177, 92, 78, 167, 148, 175, 103, 93, 170, 147, 85, 86, 213, 122, 99, 191, 116, 54, 42, 75, 73, 62, 76, 48, 33, 37, 47, 61, 59, 43, 64, 51, 23, 17, 16, 23, 18, 18, 19, 16, 25, 20, 22, 23, 24, 13, 11, 17, 26, 22, 23, 17, 19, 22, 30, 34, 25, 17, 45, 51, 47, 33, 45, 44, 39, 22, 22, 22, 19, 20, 17, 16, 30, 39, 14, 16, 18, 18, 18, 18, 14
45, 57, 70, 74, 67, 79, 81, 62, 64, 67, 53, 43, 45, 40, 60, 60, 42, 51, 68, 56, 30, 33, 32, 43, 62, 49, 65, 85, 217, 135, 117, 179, 132, 82, 160, 62, 75, 176, 136, 93, 176, 153, 66, 72, 166, 97, 80, 149, 87, 55, 155, 133, 84, 72, 59, 135, 142, 64, 63, 209, 120, 98, 111, 56, 37, 40, 73, 70, 62, 70, 50, 29, 51, 72, 71, 58, 50, 68, 49, 37, 20, 15, 20, 25, 14, 18, 18, 15, 15, 20, 22, 19, 12, 11, 13, 23, 24, 27, 20, 23, 27, 26, 30, 24, 41, 74, 50, 32, 32, 46, 38, 27, 19, 16, 18, 20, 22, 16, 16, 31, 36, 17, 19, 22, 17, 16, 17, 15
41, 64, 52, 40, 49, 85, 88, 56, 40, 69, 61, 47, 50, 30, 36, 47, 51, 41, 53, 53, 30, 33, 37, 38, 72, 44, 48, 74, 216, 139, 129, 203, 163, 83, 197, 70, 73, 171, 141, 118, 195, 197, 68, 64, 201, 118, 60, 179, 105, 60, 148, 117, 60, 78, 61, 130, 196, 67, 62, 197, 116, 90, 45, 22, 35, 43, 74, 69, 61, 69, 48, 30, 58, 58, 75, 69, 42, 57, 34, 19, 18, 17, 42, 25, 14, 17, 18, 17, 17, 15, 16, 16, 17, 17, 17, 23, 25, 28, 19, 21, 30, 32, 32, 23, 20, 25, 30, 27, 22, 36, 37, 37, 27, 21, 21, 20, 16, 16, 15, 38, 39, 28, 32, 19, 13, 14, 14, 14
45, 65, 57, 53, 73, 76, 61, 76, 59, 57, 42, 34, 33, 32, 27, 30, 34, 37, 47, 42, 29, 31, 33, 40, 61, 52, 66, 99, 218, 140, 134, 208, 163, 110, 195, 92, 82, 154, 144, 124, 196, 198, 89, 79, 183, 125, 85, 182, 113, 85, 132, 111, 62, 87, 86, 115, 196, 92, 74, 183, 115, 91, 46, 23, 41, 50, 78, 71, 63, 80, 46, 61, 81, 53, 32, 41, 36, 31, 19, 25, 29, 19, 16, 14, 16, 16, 16, 14, 15, 13, 15, 15, 17, 19, 17, 22, 22, 27, 20, 21, 30, 32, 32, 22, 19, 20, 30, 28, 28, 36, 26, 37, 54, 56, 36, 22, 17, 16, 18, 35, 46, 50, 44, 19, 14, 15, 15, 16
41, 49, 66, 69, 76, 61, 51, 49, 46, 45, 34, 32, 35, 30, 30, 47, 43, 36, 37, 41, 29, 30, 39, 97, 78, 54, 79, 114, 175, 126, 154, 177, 134, 143, 156, 127, 122, 159, 154, 150, 193, 185, 124, 125, 186, 129, 120, 178, 120, 117, 134, 90, 62, 113, 126, 123, 183, 120, 95, 177, 118, 92, 52, 35, 55, 52, 68, 66, 60, 78, 41, 74, 63, 58, 36, 31, 42, 40, 23, 19, 24, 19, 26, 18, 19, 16, 13, 12, 17, 16, 16, 16, 16, 18, 18, 20, 21, 25, 42, 21, 30, 32, 32, 21, 19, 21, 28, 29, 21, 40, 28, 23, 43, 28, 24, 28, 20, 17, 20, 52, 41, 20, 23, 24, 16, 34, 29, 36
57, 46, 75, 70, 55, 44, 41, 37, 54, 44, 37, 33, 34, 39, 33, 46, 45, 43, 37, 46, 29, 30, 44, 105, 59, 31, 54, 91, 190, 103, 131, 190, 118, 134, 133, 112, 125, 131, 117, 133, 124, 132, 121, 115, 129, 86, 119, 135, 107, 119, 119, 78, 67, 103, 120, 125, 125, 116, 107, 136, 95, 68, 69, 68, 76, 61, 51, 49, 56, 54, 41, 65, 49, 46, 45, 28, 25, 21, 18, 17, 21, 30, 55, 19, 13, 14, 14, 13, 17, 16, 15, 17, 17, 20, 19, 17, 18, 25, 73, 23, 27, 31, 32, 22, 20, 22, 75, 101, 22, 21, 14, 15, 24, 24, 16, 17, 12, 18, 21, 61, 46, 15, 18, 41, 86, 178, 131, 158
53, 49, 46, 47, 29, 34, 39, 36, 47, 46, 44, 34, 32, 43, 35, 36, 35, 48, 34, 39, 29, 31, 45, 108, 64, 37, 88, 123, 184, 180, 193, 196, 176, 193, 177, 198, 187, 195, 188, 194, 195, 193, 187, 191, 187, 82, 82, 186, 182, 203, 197, 90, 85, 171, 200, 216, 182, 186, 204, 216, 119, 62, 56, 52, 56, 65, 52, 52, 57, 60, 41, 61, 51, 48, 38, 25, 27, 22, 17, 15, 15, 23, 19, 16, 27, 19, 14, 16, 21, 18, 18, 17, 17, 22, 23, 17, 16, 19, 22, 26, 25, 28, 26, 23, 21, 22, 25, 28, 18, 17, 16, 15, 15, 20, 17, 13, 14, 18, 21, 60, 24, 12, 11, 10, 20, 49, 46, 46
40, 36, 36, 34, 24, 31, 30, 41, 28, 42, 40, 31, 28, 28, 43, 56, 37, 45, 32, 28, 30, 31, 50, 105, 69, 36, 45, 65, 105, 102, 103, 100, 91, 90, 85, 77, 74, 77, 75, 72, 74, 79, 78, 80, 83, 78, 59, 94, 112, 109, 108, 81, 78, 116, 117, 123, 122, 126, 125, 116, 102, 93, 91, 93, 92, 97, 77, 38, 50, 62, 37, 37, 40, 32, 31, 42, 31, 22, 18, 15, 15, 19, 15, 15, 27, 17, 16, 21, 103, 55, 108, 30, 13, 15, 16, 17, 15, 15, 18, 26, 28, 32, 33, 29, 27, 26, 28, 25, 22, 21, 20, 18, 19, 48, 32, 16, 16, 29, 16, 56, 27, 11, 9, 10, 10, 16, 30, 12
44, 39, 38, 32, 22, 27, 25, 36, 24, 32, 40, 26, 21, 21, 43, 52, 38, 31, 32, 30, 66, 80, 63, 93, 70, 38, 37, 74, 167, 172, 172, 165, 168, 173, 178, 167, 162, 102, 49, 48, 52, 51, 52, 54, 49, 57, 53, 77, 150, 155, 173, 63, 57, 144, 156, 162, 156, 151, 156, 150, 60, 45, 47, 47, 48, 51, 44, 44, 71, 84, 35, 45, 58, 34, 50, 60, 35, 40, 22, 17, 18, 14, 21, 25, 27, 20, 17, 39, 123, 79, 128, 42, 19, 36, 18, 20, 17, 16, 18, 19, 22, 24, 22, 22, 20, 21, 19, 18, 19, 18, 19, 18, 18, 21, 18, 15, 15, 20, 16, 58, 30, 13, 10, 11, 11, 10, 21, 11
43, 31, 37, 23, 22, 24, 22, 45, 20, 27, 32, 24, 22, 22, 28, 76, 36, 36, 48, 35, 27, 63, 95, 55, 52, 39, 32, 80, 164, 136, 138, 175, 164, 140, 166, 118, 148, 150, 62, 53, 54, 53, 57, 60, 57, 59, 61, 71, 163, 161, 170, 60, 53, 165, 176, 175, 179, 177, 166, 178, 54, 50, 53, 52, 52, 52, 54, 46, 84, 47, 43, 44, 42, 36, 36, 23, 46, 41, 24, 20, 15, 14, 22, 55, 39, 40, 36, 58, 44, 41, 29, 32, 17, 36, 17, 21, 18, 20, 17, 18, 23, 25, 25, 23, 22, 22, 20, 19, 17, 17, 18, 19, 18, 18, 16, 15, 13, 13, 42, 64, 33, 19, 12, 11, 10, 11, 23, 11
34, 31, 40, 24, 25, 25, 22, 44, 42, 45, 40, 25, 23, 41, 63, 83, 48, 29, 32, 30, 33, 93, 139, 65, 31, 28, 51, 109, 157, 79, 85, 165, 114, 112, 144, 72, 117, 152, 69, 57, 61, 63, 60, 61, 63, 66, 62, 75, 97, 103, 165, 56, 54, 92, 123, 163, 173, 104, 149, 170, 57, 55, 58, 58, 59, 57, 61, 55, 82, 60, 34, 39, 40, 39, 37, 27, 29, 39, 32, 29, 19, 14, 14, 65, 41, 66, 57, 48, 42, 35, 21, 25, 15, 14, 16, 23, 23, 25, 19, 19, 23, 24, 23, 21, 21, 22, 20, 19, 18, 18, 19, 19, 17, 17, 16, 16, 15, 23, 40, 45, 34, 15, 12, 11, 13, 14, 23, 11
32, 31, 29, 28, 31, 21, 28, 36, 31, 32, 32, 39, 58, 70, 90, 98, 75, 70, 54, 38, 64, 73, 52, 70, 41, 36, 57, 115, 153, 71, 123, 169, 86, 125, 121, 63, 96, 121, 63, 68, 64, 62, 60, 68, 66, 59, 63, 77, 75, 68, 164, 57, 58, 78, 91, 168, 131, 78, 129, 168, 58, 56, 51, 48, 50, 81, 60, 56, 104, 73, 28, 30, 31, 41, 35, 27, 30, 42, 38, 32, 35, 17, 13, 25, 45, 62, 65, 29, 39, 45, 21, 23, 20, 21, 28, 23, 24, 24, 29, 17, 20, 23, 21, 18, 18, 19, 20, 28, 24, 65, 37, 24, 24, 21, 22, 20, 20, 22, 48, 32, 28, 15, 34, 14, 14, 21, 44, 27
30, 35, 27, 23, 27, 27, 43, 47, 31, 32, 40, 68, 97, 53, 45, 56, 54, 48, 45, 43, 46, 48, 58, 59, 53, 72, 69, 91, 124, 81, 129, 172, 94, 142, 122, 76, 158, 98, 74, 28, 55, 77, 72, 125, 98, 68, 95, 125, 74, 86, 170, 60, 61, 83, 133, 187, 127, 106, 164, 175, 56, 52, 53, 61, 59, 128, 92, 77, 120, 51, 30, 31, 32, 39, 34, 25, 29, 43, 45, 42, 40, 22, 12, 20, 39, 48, 52, 22, 20, 28, 19, 20, 20, 23, 29, 21, 22, 24, 30, 11, 18, 22, 26, 20, 22, 22, 26, 36, 47, 157, 42, 32, 31, 23, 24, 36, 24, 28, 63, 40, 46, 24, 39, 23, 23, 23, 39, 26
32, 32, 28, 27, 28, 30, 32, 34, 30, 31, 38, 48, 51, 39, 41, 41, 40, 42, 43, 39, 40, 42, 50, 67, 53, 59, 55, 69, 96, 63, 90, 106, 67, 89, 77, 63, 101, 35, 37, 18, 60, 63, 60, 104, 85, 57, 84, 109, 63, 70, 115, 46, 52, 66, 91, 123, 88, 76, 102, 99, 53, 46, 46, 52, 46, 112, 75, 64, 56, 33, 32, 29, 29, 38, 37, 29, 33, 45, 47, 47, 45, 28, 21, 23, 29, 29, 27, 23, 21, 29, 22, 22, 23, 22, 26, 25, 26, 26, 30, 19, 17, 19, 23, 22, 23, 22, 27, 34, 86, 150, 54, 28, 31, 28, 46, 76, 48, 27, 51, 47, 62, 41, 43, 40, 36, 34, 39, 13
27, 26, 26, 27, 26, 26, 29, 31, 31, 28, 35, 42, 40, 47, 104, 94, 104, 88, 59, 47, 48, 49, 75, 66, 48, 42, 37, 27, 64, 65, 104, 107, 62, 92, 91, 62, 49, 35, 32, 51, 49, 66, 94, 121, 81, 78, 113, 110, 65, 77, 98, 49, 55, 73, 125, 134, 82, 94, 130, 101, 52, 49, 50, 57, 58, 63, 48, 62, 47, 31, 30, 29, 30, 38, 35, 30, 35, 38, 39, 43, 46, 37, 28, 37, 41, 42, 37, 33, 34, 34, 35, 36, 35, 33, 34, 35, 36, 39, 41, 41, 46, 50, 49, 46, 46, 39, 41, 40, 67, 43, 62, 32, 36, 33, 62, 86, 80, 85, 96, 74, 62, 42, 61, 68, 64, 62, 62, 65
39, 31, 26, 26, 28, 29, 27, 30, 29, 28, 32, 50, 43, 43, 36, 61, 39, 41, 43, 36, 63, 44, 31, 26, 14, 14, 14, 13, 55, 55, 70, 71, 40, 67, 46, 46, 62, 39, 41, 51, 47, 36, 56, 89, 55, 56, 73, 68, 37, 50, 53, 39, 37, 47, 63, 63, 51, 51, 71, 74, 38, 32, 36, 37, 37, 48, 40, 40, 29, 27, 27, 26, 25, 29, 27, 28, 30, 31, 33, 30, 31, 28, 32, 36, 44, 41, 42, 39, 40, 34, 35, 33, 31, 29, 28, 29, 33, 36, 38, 36, 41, 45, 44, 40, 42, 40, 41, 38, 57, 35, 33, 32, 42, 39, 39, 35, 36, 40, 30, 15, 19, 14, 25, 36, 37, 31, 32, 34